SET FOREIGN_KEY_CHECKS=0;
SET SQL_MODE = "NO_AUTO_VALUE_ON_ZERO";
SET time_zone = "+00:00";

/*!40101 SET @OLD_CHARACTER_SET_CLIENT=@@CHARACTER_SET_CLIENT */;
/*!40101 SET @OLD_CHARACTER_SET_RESULTS=@@CHARACTER_SET_RESULTS */;
/*!40101 SET @OLD_COLLATION_CONNECTION=@@COLLATION_CONNECTION */;
/*!40101 SET NAMES utf8mb4 */;


CREATE TABLE IF NOT EXISTS `_admin_exclude` (
  `_admin_exclude_id` int(11) NOT NULL AUTO_INCREMENT,
  `_admin_exclude_new` timestamp(6) NOT NULL DEFAULT current_timestamp(6) ON UPDATE current_timestamp(6),
  `_admin_exclude_edit` timestamp(6) NOT NULL DEFAULT current_timestamp(6) ON UPDATE current_timestamp(6),
  `_admin_exclude_del` timestamp(6) NULL DEFAULT NULL,
  `_admin_exclude_arch` timestamp(6) NULL DEFAULT NULL,
  `_admin_exclude_active` tinyint(1) DEFAULT 1,
  `fk__co_id` int(11) DEFAULT NULL,
  `_admin_exclude_type` varchar(255) DEFAULT NULL,
  `_admin_exclude_value` varchar(255) DEFAULT NULL,
  PRIMARY KEY (`_admin_exclude_id`)
) ENGINE=InnoDB DEFAULT CHARSET=utf8 COLLATE=utf8_unicode_520_nopad_ci;

CREATE TABLE IF NOT EXISTS `_admin_obj` (
  `_admin_obj_id` int(11) NOT NULL AUTO_INCREMENT,
  `_admin_obj_new` timestamp(6) NOT NULL DEFAULT current_timestamp(6) ON UPDATE current_timestamp(6),
  `_admin_obj_edit` timestamp(6) NOT NULL DEFAULT current_timestamp(6) ON UPDATE current_timestamp(6),
  `_admin_obj_del` timestamp(6) NULL DEFAULT NULL,
  `_admin_obj_arch` timestamp(6) NULL DEFAULT NULL,
  `_admin_obj_active` tinyint(1) DEFAULT 1,
  `_admin_obj_name` varchar(255) DEFAULT NULL,
  `_admin_obj_table` varchar(255) DEFAULT NULL,
  `_admin_obj_obj` tinyint(1) DEFAULT 0,
  `_admin_obj_ctlr` tinyint(1) DEFAULT 0,
  `_admin_obj_page` tinyint(1) DEFAULT 0,
  `_admin_obj_perm` tinyint(1) DEFAULT 0,
  `_admin_obj_role_perm` tinyint(1) DEFAULT 0,
  `_admin_obj_save_modal` tinyint(1) DEFAULT 0,
  `_admin_obj_valid_form` tinyint(1) DEFAULT 0,
  PRIMARY KEY (`_admin_obj_id`)
) ENGINE=InnoDB AUTO_INCREMENT=75 DEFAULT CHARSET=utf8 COLLATE=utf8_unicode_520_nopad_ci;

INSERT INTO `_admin_obj` (`_admin_obj_id`, `_admin_obj_new`, `_admin_obj_edit`, `_admin_obj_del`, `_admin_obj_arch`, `_admin_obj_active`, `_admin_obj_name`, `_admin_obj_table`, `_admin_obj_obj`, `_admin_obj_ctlr`, `_admin_obj_page`, `_admin_obj_perm`, `_admin_obj_role_perm`, `_admin_obj_save_modal`, `_admin_obj_valid_form`) VALUES
(1, '2021-10-05 16:32:28.440091', '2021-10-05 23:32:28.439930', NULL, NULL, 1, '_auth_token', '_auth_token', 1, 1, 1, 1, 1, 1, 1),
(2, '2021-10-05 16:32:28.506624', '2021-10-05 23:32:28.506407', NULL, NULL, 1, '_admin_exclude', '_admin_exclude', 1, 1, 1, 1, 1, 1, 1),
(3, '2021-10-05 16:32:28.553493', '2021-10-05 23:32:28.553315', NULL, NULL, 1, '_admin_obj', '_admin_obj', 1, 1, 1, 1, 1, 1, 1),
(4, '2021-10-05 16:32:28.960927', '2021-10-05 23:32:28.960770', NULL, NULL, 1, '_config', '_config', 1, 1, 1, 1, 1, 1, 1),
(5, '2021-10-05 16:32:29.003639', '2021-10-05 23:32:29.003487', NULL, NULL, 1, '_country', '_country', 1, 1, 1, 1, 1, 1, 1),
(6, '2021-10-05 16:32:29.086228', '2021-10-05 23:32:29.086088', NULL, NULL, 1, '_doc', '_doc', 1, 1, 1, 1, 1, 1, 1),
(7, '2021-10-05 16:32:29.124157', '2021-10-05 23:32:29.123993', NULL, NULL, 1, '_follow', '_follow', 1, 1, 1, 1, 1, 1, 1),
(8, '2021-10-05 16:32:29.175481', '2021-10-05 23:32:29.175333', NULL, NULL, 1, '_lang', '_lang', 1, 1, 1, 1, 1, 1, 1),
(9, '2021-10-05 16:32:29.196711', '2021-10-05 23:32:29.196554', NULL, NULL, 1, '_log', '_log', 1, 1, 1, 1, 1, 1, 1),
(10, '2021-10-05 16:32:29.259514', '2021-10-05 23:32:29.259385', NULL, NULL, 1, '_mem', '_mem', 1, 1, 1, 1, 1, 1, 1),
(11, '2021-10-05 16:32:29.370558', '2021-10-05 23:32:29.370298', NULL, NULL, 1, '_mem_auth', '_mem_auth', 1, 1, 1, 1, 1, 1, 1),
(12, '2021-10-05 16:32:29.455330', '2021-10-05 23:32:29.455149', NULL, NULL, 1, '_mem_pref', '_mem_pref', 1, 1, 1, 1, 1, 1, 1),
(13, '2021-10-05 16:32:29.472437', '2021-10-05 23:32:29.472227', NULL, NULL, 1, '_mem_reset', '_mem_reset', 1, 1, 1, 1, 1, 1, 1),
(14, '2021-10-05 16:32:29.510211', '2021-10-05 23:32:29.510078', NULL, NULL, 1, '_menu_item', '_menu_item', 1, 1, 1, 1, 1, 1, 1),
(15, '2021-10-05 16:32:29.585959', '2021-10-05 23:32:29.585820', NULL, NULL, 1, '_module', '_module', 1, 1, 1, 1, 1, 1, 1),
(16, '2021-09-09 05:36:43.690813', '2021-09-09 12:36:43.690532', NULL, NULL, 1, '_module_mem', '_module_mem', 1, 1, 1, 1, 1, 1, 1),
(17, '2021-10-05 16:32:29.668169', '2021-10-05 23:32:29.668054', NULL, NULL, 1, '_note', '_note', 1, 1, 1, 1, 1, 1, 1),
(18, '2021-10-05 16:32:29.804737', '2021-10-05 23:32:29.804489', NULL, NULL, 1, '_notif', '_notif', 1, 1, 1, 1, 1, 1, 1),
(19, '2021-10-05 16:32:29.849722', '2021-10-05 23:32:29.849500', NULL, NULL, 1, '_notif_signal', '_notif_signal', 1, 1, 1, 1, 1, 1, 1),
(20, '2021-10-05 16:32:29.956017', '2021-10-05 23:32:29.955847', NULL, NULL, 1, '_perm', '_perm', 1, 1, 1, 1, 1, 1, 1),
(21, '2021-10-05 16:32:29.998571', '2021-10-05 23:32:29.998424', NULL, NULL, 1, '_perm_menu_item', '_perm_menu_item', 1, 1, 1, 1, 1, 1, 1),
(22, '2021-10-05 16:32:30.048076', '2021-10-05 23:32:30.047928', NULL, NULL, 1, '_pricing', '_pricing', 1, 1, 1, 1, 1, 1, 1),
(23, '2021-10-05 16:32:30.094018', '2021-10-05 23:32:30.093874', NULL, NULL, 1, '_pricing_limit', '_pricing_limit', 1, 1, 1, 1, 1, 1, 1),
(24, '2021-10-05 16:32:30.142570', '2021-10-05 23:32:30.142436', NULL, NULL, 1, '_pricing_module', '_pricing_module', 1, 1, 1, 1, 1, 1, 1),
(25, '2021-10-05 16:32:30.178937', '2021-10-05 23:32:30.178817', NULL, NULL, 1, '_public_path', '_public_path', 1, 1, 1, 1, 1, 1, 1),
(26, '2021-10-05 16:32:30.224025', '2021-10-05 23:32:30.223913', NULL, NULL, 1, '_report', '_report', 1, 1, 1, 1, 1, 1, 1),
(27, '2021-10-05 16:32:30.270614', '2021-10-05 23:32:30.270457', NULL, NULL, 1, '_report_lib', '_report_lib', 1, 1, 1, 1, 1, 1, 1),
(28, '2021-10-05 16:32:30.310783', '2021-10-05 23:32:30.310620', NULL, NULL, 1, '_role', '_role', 1, 1, 1, 1, 1, 1, 1),
(29, '2021-10-05 16:32:30.349239', '2021-10-05 23:32:30.349103', NULL, NULL, 1, '_role_perm', '_role_perm', 1, 1, 1, 1, 1, 1, 1),
(30, '2021-10-05 16:32:30.388629', '2021-10-05 23:32:30.388481', NULL, NULL, 1, '_setting', '_setting', 1, 1, 1, 1, 1, 1, 1),
(31, '2021-10-05 16:32:30.428355', '2021-10-05 23:32:30.428185', NULL, NULL, 1, '_signal', '_signal', 1, 1, 1, 1, 1, 1, 1),
(32, '2021-10-05 16:32:30.470818', '2021-10-05 23:32:30.470671', NULL, NULL, 1, '_signal_mem', '_signal_mem', 1, 1, 1, 1, 1, 1, 1),
(33, '2021-10-05 16:32:30.512433', '2021-10-05 23:32:30.512244', NULL, NULL, 1, '_state', '_state', 1, 1, 1, 1, 1, 1, 1),
(34, '2021-10-05 16:32:30.610505', '2021-10-05 23:32:30.610345', NULL, NULL, 1, '_co', '_co', 1, 1, 1, 1, 1, 1, 1),
(35, '2021-09-09 05:36:45.009755', '2021-09-09 12:36:45.009641', NULL, NULL, 1, '_co_module', '_co_module', 1, 1, 1, 1, 1, 1, 1),
(36, '2021-10-05 16:32:30.879314', '2021-10-05 23:32:30.879174', NULL, NULL, 1, '_co_pref', '_co_pref', 1, 1, 1, 1, 1, 1, 1),
(37, '2021-10-05 16:32:30.974795', '2021-10-05 23:32:30.974650', NULL, NULL, 1, '_tag', '_tag', 1, 1, 1, 1, 1, 1, 1),
(38, '2021-10-05 16:32:31.093229', '2021-10-05 23:32:31.093100', NULL, NULL, 1, '_task', '_task', 1, 1, 1, 1, 1, 1, 1),
(39, '2021-10-05 16:32:31.135219', '2021-10-05 23:32:31.135096', NULL, NULL, 1, '_token', '_token', 1, 1, 1, 1, 1, 1, 1),
(40, '2021-10-05 16:32:31.239186', '2021-10-05 23:32:31.239069', NULL, NULL, 1, '_token_xl8', '_token_xl8', 1, 1, 1, 1, 1, 1, 1),
(41, '2021-10-05 16:32:31.281107', '2021-10-05 23:32:31.280986', NULL, NULL, 1, '_tz', '_tz', 1, 1, 1, 1, 1, 1, 1),
(42, '2021-10-05 16:32:31.334688', '2021-10-05 23:32:31.334493', NULL, NULL, 1, '_valid_field', '_valid_field', 1, 1, 1, 1, 1, 1, 1),
(43, '2021-10-05 16:32:31.393260', '2021-10-05 23:32:31.393106', NULL, NULL, 1, '_valid_form', '_valid_form', 1, 1, 1, 1, 1, 1, 1),
(44, '2021-10-05 16:32:29.621865', '2021-10-05 23:32:29.621735', NULL, NULL, 1, '_module_perm', '_module_perm', 1, 1, 1, 1, 1, 1, 1),
(64, '2021-10-05 16:32:29.314716', '2021-10-05 23:32:29.314545', NULL, NULL, 1, '_mem_addr', '_mem_addr', 1, 1, 1, 1, 1, 1, 1),
(65, '2021-10-05 16:32:29.408357', '2021-10-05 23:32:29.408209', NULL, NULL, 1, '_mem_phone', '_mem_phone', 1, 1, 1, 1, 1, 1, 1),
(66, '2021-10-05 16:32:28.608920', '2021-10-05 23:32:28.608778', NULL, NULL, 1, '_cal', '_cal', 1, 1, 1, 1, 1, 1, 1),
(67, '2021-10-05 16:32:28.656937', '2021-10-05 23:32:28.656779', NULL, NULL, 1, '_cal_ext', '_cal_ext', 1, 1, 1, 1, 1, 1, 1),
(68, '2021-10-05 16:32:28.697545', '2021-10-05 23:32:28.697381', NULL, NULL, 1, '_cal_follow', '_cal_follow', 1, 1, 1, 1, 1, 1, 1),
(69, '2021-10-05 16:32:28.732637', '2021-10-05 23:32:28.732496', NULL, NULL, 1, '_cal_item', '_cal_item', 1, 1, 1, 1, 1, 1, 1),
(70, '2021-10-05 16:32:28.906593', '2021-10-05 23:32:28.906349', NULL, NULL, 1, '_cat_phone', '_cat_phone', 1, 1, 1, 1, 1, 1, 1),
(71, '2021-10-05 16:32:28.781858', '2021-10-05 23:32:28.781715', NULL, NULL, 1, '_cat_addr', '_cat_addr', 1, 1, 1, 1, 1, 1, 1),
(72, '2021-10-05 16:32:28.858561', '2021-10-05 23:32:28.858387', NULL, NULL, 1, '_cat_note', '_cat_note', 1, 1, 1, 1, 1, 1, 1),
(73, '2021-10-05 16:32:29.913624', '2021-10-05 23:32:29.913486', NULL, NULL, 1, '_pay', '_pay', 1, 1, 1, 1, 1, 1, 1),
(74, '2021-10-05 16:32:30.698807', '2021-10-05 23:32:30.698643', NULL, NULL, 1, '_co_mem', '_co_mem', 1, 1, 1, 1, 1, 1, 1);

CREATE TABLE IF NOT EXISTS `_auth_token` (
  `_auth_token_id` int(11) NOT NULL AUTO_INCREMENT,
  `_auth_token_new` timestamp(6) NOT NULL DEFAULT current_timestamp(6) ON UPDATE current_timestamp(6),
  `_auth_token_edit` timestamp(6) NOT NULL DEFAULT current_timestamp(6) ON UPDATE current_timestamp(6),
  `_auth_token_del` timestamp(6) NULL DEFAULT NULL,
  `_auth_token_arch` timestamp(6) NULL DEFAULT NULL,
  `_auth_token_active` tinyint(1) DEFAULT 1,
  `fk__mem_id` int(11) DEFAULT NULL,
  `fk__co_id` int(11) DEFAULT NULL,
  `_auth_token` varchar(255) DEFAULT NULL,
  `_auth_token_type` varchar(15) DEFAULT NULL,
  `_auth_token_expires` datetime DEFAULT NULL,
  `_auth_token_expired` tinyint(1) DEFAULT 0,
  `_auth_token_entity_ulid` varchar(255) DEFAULT NULL,
  PRIMARY KEY (`_auth_token_id`)
) ENGINE=InnoDB AUTO_INCREMENT=3 DEFAULT CHARSET=utf8 COLLATE=utf8_unicode_520_nopad_ci;

INSERT INTO `_auth_token` (`_auth_token_id`, `_auth_token_new`, `_auth_token_edit`, `_auth_token_del`, `_auth_token_arch`, `_auth_token_active`, `fk__mem_id`, `fk__co_id`, `_auth_token`, `_auth_token_type`, `_auth_token_expires`, `_auth_token_expired`, `_auth_token_entity_ulid`) VALUES
(1, '2024-09-01 03:09:44.104859', '2024-09-01 03:09:44.104859', NULL, NULL, 1, 1, 1, 'ee029179914dc2973c370ee7050b1e71b6fa30555ffc503e8c47992e70f6c8c70c88523694fe3ec19f276da3f060d53335a563a540a49e04e161939162b2617e', 'password', '2024-09-01 06:09:44', 0, NULL),
(2, '2024-09-01 03:12:13.301813', '2024-09-01 03:12:13.301813', NULL, NULL, 1, 1, 1, '8fffd8f5bc97967bb26307433b73db5fc1617e537ef5118e58a1e2d4eb8315ac407fb4dc91fe642864e2d8cf4cccd4e94bc6e33024e9bdfdca96de7496aa1d4b', 'password', '2024-09-01 06:12:13', 0, NULL);

CREATE TABLE IF NOT EXISTS `_cal` (
  `_cal_id` int(11) NOT NULL AUTO_INCREMENT,
  `_cal_new` timestamp NULL DEFAULT NULL,
  `_cal_edit` timestamp NULL DEFAULT NULL ON UPDATE current_timestamp(),
  `_cal_del` timestamp NULL DEFAULT NULL,
  `_cal_arch` timestamp NULL DEFAULT NULL,
  `_cal_active` tinyint(1) DEFAULT 1,
  `fk__co_id` int(11) DEFAULT NULL,
  `_cal_name` varchar(255) DEFAULT NULL,
  PRIMARY KEY (`_cal_id`)
) ENGINE=InnoDB DEFAULT CHARSET=utf8 COLLATE=utf8_unicode_520_nopad_ci;

CREATE TABLE IF NOT EXISTS `_cal_ext` (
  `_cal_ext_id` int(11) NOT NULL AUTO_INCREMENT,
  `_cal_ext_new` timestamp NULL DEFAULT NULL,
  `_cal_ext_edit` timestamp NULL DEFAULT NULL ON UPDATE current_timestamp(),
  `_cal_ext_del` timestamp NULL DEFAULT NULL,
  `_cal_ext_arch` timestamp NULL DEFAULT NULL,
  `_cal_ext_active` tinyint(1) DEFAULT 1,
  `fk__co_id` int(11) DEFAULT NULL,
  `_cal_ext_name` varchar(255) DEFAULT NULL,
  PRIMARY KEY (`_cal_ext_id`)
) ENGINE=InnoDB DEFAULT CHARSET=utf8 COLLATE=utf8_unicode_520_nopad_ci;

CREATE TABLE IF NOT EXISTS `_cal_follow` (
  `_cal_follow_id` int(11) NOT NULL AUTO_INCREMENT,
  `_cal_follow_new` timestamp NULL DEFAULT NULL,
  `_cal_follow_edit` timestamp NULL DEFAULT NULL ON UPDATE current_timestamp(),
  `_cal_follow_del` timestamp NULL DEFAULT NULL,
  `_cal_follow_arch` timestamp NULL DEFAULT NULL,
  `_cal_follow_active` tinyint(1) DEFAULT 1,
  `fk__co_id` int(11) DEFAULT NULL,
  `_cal_follow_name` varchar(255) DEFAULT NULL,
  PRIMARY KEY (`_cal_follow_id`)
) ENGINE=InnoDB DEFAULT CHARSET=utf8 COLLATE=utf8_unicode_520_nopad_ci;

CREATE TABLE IF NOT EXISTS `_cal_item` (
  `_cal_item_id` int(11) NOT NULL AUTO_INCREMENT,
  `_cal_item_new` timestamp NULL DEFAULT NULL,
  `_cal_item_edit` timestamp NULL DEFAULT NULL ON UPDATE current_timestamp(),
  `_cal_item_del` timestamp NULL DEFAULT NULL,
  `_cal_item_arch` timestamp NULL DEFAULT NULL,
  `_cal_item_active` tinyint(1) DEFAULT 1,
  `fk__co_id` int(11) DEFAULT NULL,
  `_cal_item_name` varchar(255) DEFAULT NULL,
  PRIMARY KEY (`_cal_item_id`)
) ENGINE=InnoDB DEFAULT CHARSET=utf8 COLLATE=utf8_unicode_520_nopad_ci;

CREATE TABLE IF NOT EXISTS `_cat_addr` (
  `_cat_addr_id` int(11) NOT NULL AUTO_INCREMENT,
  `_cat_addr_new` timestamp NULL DEFAULT NULL,
  `_cat_addr_edit` timestamp NULL DEFAULT NULL ON UPDATE current_timestamp(),
  `_cat_addr_del` timestamp NULL DEFAULT NULL,
  `_cat_addr_arch` timestamp NULL DEFAULT NULL,
  `_cat_addr_active` tinyint(1) DEFAULT 1,
  `_cat_addr_order` smallint(6) DEFAULT NULL,
  `_cat_addr_name` varchar(255) DEFAULT NULL,
  PRIMARY KEY (`_cat_addr_id`)
) ENGINE=InnoDB DEFAULT CHARSET=utf8 COLLATE=utf8_unicode_520_nopad_ci;

CREATE TABLE IF NOT EXISTS `_cat_note` (
  `_cat_note_id` int(11) NOT NULL AUTO_INCREMENT,
  `_cat_note_new` timestamp NULL DEFAULT NULL,
  `_cat_note_edit` timestamp NULL DEFAULT NULL ON UPDATE current_timestamp(),
  `_cat_note_del` timestamp NULL DEFAULT NULL,
  `_cat_note_arch` timestamp NULL DEFAULT NULL,
  `_cat_note_active` tinyint(1) DEFAULT 1,
  `fk__co_id` int(11) DEFAULT NULL,
  `_cat_note_order` smallint(6) DEFAULT NULL,
  `_cat_note_name` varchar(255) DEFAULT NULL,
  PRIMARY KEY (`_cat_note_id`)
) ENGINE=InnoDB DEFAULT CHARSET=utf8 COLLATE=utf8_unicode_520_nopad_ci;

CREATE TABLE IF NOT EXISTS `_cat_phone` (
  `_cat_phone_id` int(11) NOT NULL AUTO_INCREMENT,
  `_cat_phone_new` timestamp NULL DEFAULT NULL,
  `_cat_phone_edit` timestamp NULL DEFAULT NULL ON UPDATE current_timestamp(),
  `_cat_phone_del` timestamp NULL DEFAULT NULL,
  `_cat_phone_arch` timestamp NULL DEFAULT NULL,
  `_cat_phone_active` tinyint(1) DEFAULT 1,
  `_cat_phone_order` smallint(6) DEFAULT NULL,
  `_cat_phone_name` varchar(255) DEFAULT NULL,
  PRIMARY KEY (`_cat_phone_id`)
) ENGINE=InnoDB DEFAULT CHARSET=utf8 COLLATE=utf8_unicode_520_nopad_ci;

CREATE TABLE IF NOT EXISTS `_co` (
  `_co_id` int(11) NOT NULL AUTO_INCREMENT,
  `_co_new` timestamp(6) NULL DEFAULT NULL,
  `_co_edit` timestamp(6) NOT NULL DEFAULT current_timestamp(6) ON UPDATE current_timestamp(6),
  `_co_del` timestamp(6) NULL DEFAULT NULL,
  `_co_arch` timestamp(6) NULL DEFAULT NULL,
  `_co_active` tinyint(1) DEFAULT 1,
  `fk__mem_id` int(11) DEFAULT NULL COMMENT 'The owner of the subscription',
  `fk__sub_plan` int(11) DEFAULT NULL,
  `_co_name` varchar(255) DEFAULT NULL,
  `_co_domain` varchar(255) DEFAULT NULL COMMENT 'This is the subdomain that is used to scope all calls',
  `_co_ulid` varchar(255) DEFAULT NULL,
  `_co_setup` tinyint(1) DEFAULT 0,
  `_co_configured` tinyint(1) DEFAULT 0,
  PRIMARY KEY (`_co_id`),
  UNIQUE KEY `_co_domain` (`_co_domain`)
) ENGINE=InnoDB AUTO_INCREMENT=2 DEFAULT CHARSET=utf8 COLLATE=utf8_unicode_520_nopad_ci COMMENT='Short for subscriber';

INSERT INTO `_co` (`_co_id`, `_co_new`, `_co_edit`, `_co_del`, `_co_arch`, `_co_active`, `fk__mem_id`, `fk__sub_plan`, `_co_name`, `_co_domain`, `_co_ulid`, `_co_setup`, `_co_configured`) VALUES
(1, '2021-10-08 19:53:38.000000', '2021-10-08 19:53:38.000000', NULL, NULL, 1, 1, NULL, 'Default Install', 'setup', NULL, 1, 1);

CREATE TABLE IF NOT EXISTS `_config` (
  `_config_id` int(11) NOT NULL AUTO_INCREMENT,
  `_config_new` timestamp(6) NOT NULL DEFAULT current_timestamp(6) ON UPDATE current_timestamp(6),
  `_config_edit` timestamp(6) NOT NULL DEFAULT current_timestamp(6) ON UPDATE current_timestamp(6),
  `_config_del` timestamp(6) NULL DEFAULT NULL,
  `_config_arch` timestamp(6) NULL DEFAULT NULL,
  `_config_active` tinyint(1) DEFAULT 1,
  `_config_name` varchar(255) DEFAULT NULL,
  `_config_desc` varchar(255) DEFAULT NULL,
  `_config_table` varchar(255) DEFAULT NULL,
  `_config_link` varchar(255) DEFAULT NULL,
  PRIMARY KEY (`_config_id`)
) ENGINE=InnoDB DEFAULT CHARSET=utf8 COLLATE=utf8_unicode_520_nopad_ci;

CREATE TABLE IF NOT EXISTS `_country` (
  `_country_id` int(11) NOT NULL AUTO_INCREMENT,
  `_country_new` timestamp(6) NOT NULL DEFAULT current_timestamp(6) ON UPDATE current_timestamp(6),
  `_country_edit` timestamp(6) NOT NULL DEFAULT current_timestamp(6) ON UPDATE current_timestamp(6),
  `_country_del` timestamp(6) NULL DEFAULT NULL,
  `_country_arch` timestamp(6) NULL DEFAULT NULL,
  `_country_active` tinyint(1) DEFAULT 1,
  `_country_name` varchar(100) DEFAULT NULL,
  `_country_abbrev` char(2) DEFAULT NULL,
  `_country_display_order` smallint(6) DEFAULT NULL,
  PRIMARY KEY (`_country_id`),
  KEY `_country_abbrev` (`_country_abbrev`),
  KEY `_country_name` (`_country_name`) USING BTREE
) ENGINE=InnoDB AUTO_INCREMENT=247 DEFAULT CHARSET=utf8 COLLATE=utf8_unicode_520_nopad_ci;

INSERT INTO `_country` (`_country_id`, `_country_new`, `_country_edit`, `_country_del`, `_country_arch`, `_country_active`, `_country_name`, `_country_abbrev`, `_country_display_order`) VALUES
(1, '2021-07-31 03:05:35.000000', '2021-07-31 03:06:05.000000', NULL, NULL, 1, 'Afghanistan', 'AF', NULL),
(2, '2021-07-31 03:05:35.000000', '2021-07-31 03:06:05.000000', NULL, NULL, 1, 'Albania', 'AL', NULL),
(3, '2021-07-31 03:05:35.000000', '2021-07-31 03:06:05.000000', NULL, NULL, 1, 'Algeria', 'DZ', NULL),
(4, '2021-07-31 03:05:35.000000', '2021-07-31 03:06:05.000000', NULL, NULL, 1, 'American Samoa', 'DS', NULL),
(5, '2021-07-31 03:05:35.000000', '2021-07-31 03:06:05.000000', NULL, NULL, 1, 'Andorra', 'AD', NULL),
(6, '2021-07-31 03:05:35.000000', '2021-07-31 03:06:05.000000', NULL, NULL, 1, 'Angola', 'AO', NULL),
(7, '2021-07-31 03:05:35.000000', '2021-07-31 03:06:05.000000', NULL, NULL, 1, 'Anguilla', 'AI', NULL),
(8, '2021-07-31 03:05:35.000000', '2021-07-31 03:06:05.000000', NULL, NULL, 1, 'Antarctica', 'AQ', NULL),
(9, '2021-07-31 03:05:35.000000', '2021-07-31 03:06:05.000000', NULL, NULL, 1, 'Antigua and Barbuda', 'AG', NULL),
(10, '2021-07-31 03:05:35.000000', '2021-07-31 03:06:05.000000', NULL, NULL, 1, 'Argentina', 'AR', NULL),
(11, '2021-07-31 03:05:35.000000', '2021-07-31 03:06:05.000000', NULL, NULL, 1, 'Armenia', 'AM', NULL),
(12, '2021-07-31 03:05:35.000000', '2021-07-31 03:06:05.000000', NULL, NULL, 1, 'Aruba', 'AW', NULL),
(13, '2021-07-31 03:05:35.000000', '2021-07-31 03:06:05.000000', NULL, NULL, 1, 'Australia', 'AU', NULL),
(14, '2021-07-31 03:05:35.000000', '2021-07-31 03:06:05.000000', NULL, NULL, 1, 'Austria', 'AT', NULL),
(15, '2021-07-31 03:05:35.000000', '2021-07-31 03:06:05.000000', NULL, NULL, 1, 'Azerbaijan', 'AZ', NULL),
(16, '2021-07-31 03:05:35.000000', '2021-07-31 03:06:05.000000', NULL, NULL, 1, 'Bahamas', 'BS', NULL),
(17, '2021-07-31 03:05:35.000000', '2021-07-31 03:06:05.000000', NULL, NULL, 1, 'Bahrain', 'BH', NULL),
(18, '2021-07-31 03:05:35.000000', '2021-07-31 03:06:05.000000', NULL, NULL, 1, 'Bangladesh', 'BD', NULL),
(19, '2021-07-31 03:05:35.000000', '2021-07-31 03:06:05.000000', NULL, NULL, 1, 'Barbados', 'BB', NULL),
(20, '2021-07-31 03:05:35.000000', '2021-07-31 03:06:05.000000', NULL, NULL, 1, 'Belarus', 'BY', NULL),
(21, '2021-07-31 03:05:35.000000', '2021-07-31 03:06:05.000000', NULL, NULL, 1, 'Belgium', 'BE', NULL),
(22, '2021-07-31 03:05:35.000000', '2021-07-31 03:06:05.000000', NULL, NULL, 1, 'Belize', 'BZ', NULL),
(23, '2021-07-31 03:05:35.000000', '2021-07-31 03:06:05.000000', NULL, NULL, 1, 'Benin', 'BJ', NULL),
(24, '2021-07-31 03:05:35.000000', '2021-07-31 03:06:05.000000', NULL, NULL, 1, 'Bermuda', 'BM', NULL),
(25, '2021-07-31 03:05:35.000000', '2021-07-31 03:06:05.000000', NULL, NULL, 1, 'Bhutan', 'BT', NULL),
(26, '2021-07-31 03:05:35.000000', '2021-07-31 03:06:05.000000', NULL, NULL, 1, 'Bolivia', 'BO', NULL),
(27, '2021-07-31 03:05:35.000000', '2021-07-31 03:06:05.000000', NULL, NULL, 1, 'Bosnia and Herzegovina', 'BA', NULL),
(28, '2021-07-31 03:05:35.000000', '2021-07-31 03:06:05.000000', NULL, NULL, 1, 'Botswana', 'BW', NULL),
(29, '2021-07-31 03:05:35.000000', '2021-07-31 03:06:05.000000', NULL, NULL, 1, 'Bouvet Island', 'BV', NULL),
(30, '2021-07-31 03:05:35.000000', '2021-07-31 03:06:05.000000', NULL, NULL, 1, 'Brazil', 'BR', NULL),
(31, '2021-07-31 03:05:35.000000', '2021-07-31 03:06:05.000000', NULL, NULL, 1, 'British Indian Ocean Territory', 'IO', NULL),
(32, '2021-07-31 03:05:35.000000', '2021-07-31 03:06:05.000000', NULL, NULL, 1, 'Brunei Darussalam', 'BN', NULL),
(33, '2021-07-31 03:05:35.000000', '2021-07-31 03:06:05.000000', NULL, NULL, 1, 'Bulgaria', 'BG', NULL),
(34, '2021-07-31 03:05:35.000000', '2021-07-31 03:06:05.000000', NULL, NULL, 1, 'Burkina Faso', 'BF', NULL),
(35, '2021-07-31 03:05:35.000000', '2021-07-31 03:06:05.000000', NULL, NULL, 1, 'Burundi', 'BI', NULL),
(36, '2021-07-31 03:05:35.000000', '2021-07-31 03:06:05.000000', NULL, NULL, 1, 'Cambodia', 'KH', NULL),
(37, '2021-07-31 03:05:35.000000', '2021-07-31 03:06:05.000000', NULL, NULL, 1, 'Cameroon', 'CM', NULL),
(38, '2021-07-31 03:05:35.000000', '2021-07-31 03:06:05.000000', NULL, NULL, 1, 'Canada', 'CA', NULL),
(39, '2021-07-31 03:05:35.000000', '2021-07-31 03:06:05.000000', NULL, NULL, 1, 'Cape Verde', 'CV', NULL),
(40, '2021-07-31 03:05:35.000000', '2021-07-31 03:06:05.000000', NULL, NULL, 1, 'Cayman Islands', 'KY', NULL),
(41, '2021-07-31 03:05:35.000000', '2021-07-31 03:06:05.000000', NULL, NULL, 1, 'Central African Republic', 'CF', NULL),
(42, '2021-07-31 03:05:35.000000', '2021-07-31 03:06:05.000000', NULL, NULL, 1, 'Chad', 'TD', NULL),
(43, '2021-07-31 03:05:35.000000', '2021-07-31 03:06:05.000000', NULL, NULL, 1, 'Chile', 'CL', NULL),
(44, '2021-07-31 03:05:35.000000', '2021-07-31 03:06:05.000000', NULL, NULL, 1, 'China', 'CN', NULL),
(45, '2021-07-31 03:05:35.000000', '2021-07-31 03:06:05.000000', NULL, NULL, 1, 'Christmas Island', 'CX', NULL),
(46, '2021-07-31 03:05:35.000000', '2021-07-31 03:06:05.000000', NULL, NULL, 1, 'Cocos (Keeling) Islands', 'CC', NULL),
(47, '2021-07-31 03:05:35.000000', '2021-07-31 03:06:05.000000', NULL, NULL, 1, 'Colombia', 'CO', NULL),
(48, '2021-07-31 03:05:35.000000', '2021-07-31 03:06:05.000000', NULL, NULL, 1, 'Comoros', 'KM', NULL),
(49, '2021-07-31 03:05:35.000000', '2021-07-31 03:06:05.000000', NULL, NULL, 1, 'Congo', 'CG', NULL),
(50, '2021-07-31 03:05:35.000000', '2021-07-31 03:06:05.000000', NULL, NULL, 1, 'Cook Islands', 'CK', NULL),
(51, '2021-07-31 03:05:35.000000', '2021-07-31 03:06:05.000000', NULL, NULL, 1, 'Costa Rica', 'CR', NULL),
(52, '2021-07-31 03:05:35.000000', '2021-07-31 03:06:05.000000', NULL, NULL, 1, 'Croatia (Hrvatska)', 'HR', NULL),
(53, '2021-07-31 03:05:35.000000', '2021-07-31 03:06:05.000000', NULL, NULL, 1, 'Cuba', 'CU', NULL),
(54, '2021-07-31 03:05:35.000000', '2021-07-31 03:06:05.000000', NULL, NULL, 1, 'Cyprus', 'CY', NULL),
(55, '2021-07-31 03:05:35.000000', '2021-07-31 03:06:05.000000', NULL, NULL, 1, 'Czech Republic', 'CZ', NULL),
(56, '2021-07-31 03:05:35.000000', '2021-07-31 03:06:05.000000', NULL, NULL, 1, 'Denmark', 'DK', NULL),
(57, '2021-07-31 03:05:35.000000', '2021-07-31 03:06:05.000000', NULL, NULL, 1, 'Djibouti', 'DJ', NULL),
(58, '2021-07-31 03:05:35.000000', '2021-07-31 03:06:05.000000', NULL, NULL, 1, 'Dominica', 'DM', NULL),
(59, '2021-07-31 03:05:35.000000', '2021-07-31 03:06:05.000000', NULL, NULL, 1, 'Dominican Republic', 'DO', NULL),
(60, '2021-07-31 03:05:35.000000', '2021-07-31 03:06:05.000000', NULL, NULL, 1, 'East Timor', 'TP', NULL),
(61, '2021-07-31 03:05:35.000000', '2021-07-31 03:06:05.000000', NULL, NULL, 1, 'Ecuador', 'EC', NULL),
(62, '2021-07-31 03:05:35.000000', '2021-07-31 03:06:05.000000', NULL, NULL, 1, 'Egypt', 'EG', NULL),
(63, '2021-07-31 03:05:35.000000', '2021-07-31 03:06:05.000000', NULL, NULL, 1, 'El Salvador', 'SV', NULL),
(64, '2021-07-31 03:05:35.000000', '2021-07-31 03:06:05.000000', NULL, NULL, 1, 'Equatorial Guinea', 'GQ', NULL),
(65, '2021-07-31 03:05:35.000000', '2021-07-31 03:06:05.000000', NULL, NULL, 1, 'Eritrea', 'ER', NULL),
(66, '2021-07-31 03:05:35.000000', '2021-07-31 03:06:05.000000', NULL, NULL, 1, 'Estonia', 'EE', NULL),
(67, '2021-07-31 03:05:35.000000', '2021-07-31 03:06:05.000000', NULL, NULL, 1, 'Ethiopia', 'ET', NULL),
(68, '2021-07-31 03:05:35.000000', '2021-07-31 03:06:05.000000', NULL, NULL, 1, 'Falkland Islands (Malvinas)', 'FK', NULL),
(69, '2021-07-31 03:05:35.000000', '2021-07-31 03:06:05.000000', NULL, NULL, 1, 'Faroe Islands', 'FO', NULL),
(70, '2021-07-31 03:05:35.000000', '2021-07-31 03:06:05.000000', NULL, NULL, 1, 'Fiji', 'FJ', NULL),
(71, '2021-07-31 03:05:35.000000', '2021-07-31 03:06:05.000000', NULL, NULL, 1, 'Finland', 'FI', NULL),
(72, '2021-07-31 03:05:35.000000', '2021-07-31 03:06:05.000000', NULL, NULL, 1, 'France', 'FR', NULL),
(73, '2021-07-31 03:05:35.000000', '2021-07-31 03:06:05.000000', NULL, NULL, 1, 'France, Metropolitan', 'FX', NULL),
(74, '2021-07-31 03:05:35.000000', '2021-07-31 03:06:05.000000', NULL, NULL, 1, 'French Guiana', 'GF', NULL),
(75, '2021-07-31 03:05:35.000000', '2021-07-31 03:06:05.000000', NULL, NULL, 1, 'French Polynesia', 'PF', NULL),
(76, '2021-07-31 03:05:35.000000', '2021-07-31 03:06:05.000000', NULL, NULL, 1, 'French Southern Territories', 'TF', NULL),
(77, '2021-07-31 03:05:35.000000', '2021-07-31 03:06:05.000000', NULL, NULL, 1, 'Gabon', 'GA', NULL),
(78, '2021-07-31 03:05:35.000000', '2021-07-31 03:06:05.000000', NULL, NULL, 1, 'Gambia', 'GM', NULL),
(79, '2021-07-31 03:05:35.000000', '2021-07-31 03:06:05.000000', NULL, NULL, 1, 'Georgia', 'GE', NULL),
(80, '2021-07-31 03:05:35.000000', '2021-07-31 03:06:05.000000', NULL, NULL, 1, 'Germany', 'DE', NULL),
(81, '2021-07-31 03:05:35.000000', '2021-07-31 03:06:05.000000', NULL, NULL, 1, 'Ghana', 'GH', NULL),
(82, '2021-07-31 03:05:35.000000', '2021-07-31 03:06:05.000000', NULL, NULL, 1, 'Gibraltar', 'GI', NULL),
(83, '2021-07-31 03:05:35.000000', '2021-07-31 03:06:05.000000', NULL, NULL, 1, 'Guernsey', 'GK', NULL),
(84, '2021-07-31 03:05:35.000000', '2021-07-31 03:06:05.000000', NULL, NULL, 1, 'Greece', 'GR', NULL),
(85, '2021-07-31 03:05:35.000000', '2021-07-31 03:06:05.000000', NULL, NULL, 1, 'Greenland', 'GL', NULL),
(86, '2021-07-31 03:05:35.000000', '2021-07-31 03:06:05.000000', NULL, NULL, 1, 'Grenada', 'GD', NULL),
(87, '2021-07-31 03:05:35.000000', '2021-07-31 03:06:05.000000', NULL, NULL, 1, 'Guadeloupe', 'GP', NULL),
(88, '2021-07-31 03:05:35.000000', '2021-07-31 03:06:05.000000', NULL, NULL, 1, 'Guam', 'GU', NULL),
(89, '2021-07-31 03:05:35.000000', '2021-07-31 03:06:05.000000', NULL, NULL, 1, 'Guatemala', 'GT', NULL),
(90, '2021-07-31 03:05:35.000000', '2021-07-31 03:06:05.000000', NULL, NULL, 1, 'Guinea', 'GN', NULL),
(91, '2021-07-31 03:05:35.000000', '2021-07-31 03:06:05.000000', NULL, NULL, 1, 'Guinea-Bissau', 'GW', NULL),
(92, '2021-07-31 03:05:35.000000', '2021-07-31 03:06:05.000000', NULL, NULL, 1, 'Guyana', 'GY', NULL),
(93, '2021-07-31 03:05:35.000000', '2021-07-31 03:06:05.000000', NULL, NULL, 1, 'Haiti', 'HT', NULL),
(94, '2021-07-31 03:05:35.000000', '2021-07-31 03:06:05.000000', NULL, NULL, 1, 'Heard and Mc Donald Islands', 'HM', NULL),
(95, '2021-07-31 03:05:35.000000', '2021-07-31 03:06:05.000000', NULL, NULL, 1, 'Honduras', 'HN', NULL),
(96, '2021-07-31 03:05:35.000000', '2021-07-31 03:06:05.000000', NULL, NULL, 1, 'Hong Kong', 'HK', NULL),
(97, '2021-07-31 03:05:35.000000', '2021-07-31 03:06:05.000000', NULL, NULL, 1, 'Hungary', 'HU', NULL),
(98, '2021-07-31 03:05:35.000000', '2021-07-31 03:06:05.000000', NULL, NULL, 1, 'Iceland', 'IS', NULL),
(99, '2021-07-31 03:05:35.000000', '2021-07-31 03:06:05.000000', NULL, NULL, 1, 'India', 'IN', NULL),
(100, '2021-07-31 03:05:35.000000', '2021-07-31 03:06:05.000000', NULL, NULL, 1, 'Isle of Man', 'IM', NULL),
(101, '2021-07-31 03:05:35.000000', '2021-07-31 03:06:05.000000', NULL, NULL, 1, 'Indonesia', 'ID', NULL),
(102, '2021-07-31 03:05:35.000000', '2021-07-31 03:06:05.000000', NULL, NULL, 1, 'Iran (Islamic Republic of)', 'IR', NULL),
(103, '2021-07-31 03:05:35.000000', '2021-07-31 03:06:05.000000', NULL, NULL, 1, 'Iraq', 'IQ', NULL),
(104, '2021-07-31 03:05:35.000000', '2021-07-31 03:06:05.000000', NULL, NULL, 1, 'Ireland', 'IE', NULL),
(105, '2021-07-31 03:05:35.000000', '2021-07-31 03:06:05.000000', NULL, NULL, 1, 'Israel', 'IL', NULL),
(106, '2021-07-31 03:05:35.000000', '2021-07-31 03:06:05.000000', NULL, NULL, 1, 'Italy', 'IT', NULL),
(107, '2021-07-31 03:05:35.000000', '2021-07-31 03:06:05.000000', NULL, NULL, 1, 'Ivory Coast', 'CI', NULL),
(108, '2021-07-31 03:05:35.000000', '2021-07-31 03:06:05.000000', NULL, NULL, 1, 'Jersey', 'JE', NULL),
(109, '2021-07-31 03:05:35.000000', '2021-07-31 03:06:05.000000', NULL, NULL, 1, 'Jamaica', 'JM', NULL),
(110, '2021-07-31 03:05:35.000000', '2021-07-31 03:06:05.000000', NULL, NULL, 1, 'Japan', 'JP', NULL),
(111, '2021-07-31 03:05:35.000000', '2021-07-31 03:06:05.000000', NULL, NULL, 1, 'Jordan', 'JO', NULL),
(112, '2021-07-31 03:05:35.000000', '2021-07-31 03:06:05.000000', NULL, NULL, 1, 'Kazakhstan', 'KZ', NULL),
(113, '2021-07-31 03:05:35.000000', '2021-07-31 03:06:05.000000', NULL, NULL, 1, 'Kenya', 'KE', NULL),
(114, '2021-07-31 03:05:35.000000', '2021-07-31 03:06:05.000000', NULL, NULL, 1, 'Kiribati', 'KI', NULL),
(115, '2021-07-31 03:05:35.000000', '2021-07-31 03:06:05.000000', NULL, NULL, 1, 'Korea, Democratic People\'s Republic of', 'KP', NULL),
(116, '2021-07-31 03:05:35.000000', '2021-07-31 03:06:05.000000', NULL, NULL, 1, 'Korea, Republic of', 'KR', NULL),
(117, '2021-07-31 03:05:35.000000', '2021-07-31 03:06:05.000000', NULL, NULL, 1, 'Kosovo', 'XK', NULL),
(118, '2021-07-31 03:05:35.000000', '2021-07-31 03:06:05.000000', NULL, NULL, 1, 'Kuwait', 'KW', NULL),
(119, '2021-07-31 03:05:35.000000', '2021-07-31 03:06:05.000000', NULL, NULL, 1, 'Kyrgyzstan', 'KG', NULL),
(120, '2021-07-31 03:05:35.000000', '2021-07-31 03:06:05.000000', NULL, NULL, 1, 'Lao People\'s Democratic Republic', 'LA', NULL),
(121, '2021-07-31 03:05:35.000000', '2021-07-31 03:06:05.000000', NULL, NULL, 1, 'Latvia', 'LV', NULL),
(122, '2021-07-31 03:05:35.000000', '2021-07-31 03:06:05.000000', NULL, NULL, 1, 'Lebanon', 'LB', NULL),
(123, '2021-07-31 03:05:35.000000', '2021-07-31 03:06:05.000000', NULL, NULL, 1, 'Lesotho', 'LS', NULL),
(124, '2021-07-31 03:05:35.000000', '2021-07-31 03:06:05.000000', NULL, NULL, 1, 'Liberia', 'LR', NULL),
(125, '2021-07-31 03:05:35.000000', '2021-07-31 03:06:05.000000', NULL, NULL, 1, 'Libyan Arab Jamahiriya', 'LY', NULL),
(126, '2021-07-31 03:05:35.000000', '2021-07-31 03:06:05.000000', NULL, NULL, 1, 'Liechtenstein', 'LI', NULL),
(127, '2021-07-31 03:05:35.000000', '2021-07-31 03:06:05.000000', NULL, NULL, 1, 'Lithuania', 'LT', NULL),
(128, '2021-07-31 03:05:35.000000', '2021-07-31 03:06:05.000000', NULL, NULL, 1, 'Luxembourg', 'LU', NULL),
(129, '2021-07-31 03:05:35.000000', '2021-07-31 03:06:05.000000', NULL, NULL, 1, 'Macau', 'MO', NULL),
(130, '2021-07-31 03:05:35.000000', '2021-07-31 03:06:05.000000', NULL, NULL, 1, 'Macedonia', 'MK', NULL),
(131, '2021-07-31 03:05:35.000000', '2021-07-31 03:06:05.000000', NULL, NULL, 1, 'Madagascar', 'MG', NULL),
(132, '2021-07-31 03:05:35.000000', '2021-07-31 03:06:05.000000', NULL, NULL, 1, 'Malawi', 'MW', NULL),
(133, '2021-07-31 03:05:35.000000', '2021-07-31 03:06:05.000000', NULL, NULL, 1, 'Malaysia', 'MY', NULL),
(134, '2021-07-31 03:05:35.000000', '2021-07-31 03:06:05.000000', NULL, NULL, 1, 'Maldives', 'MV', NULL),
(135, '2021-07-31 03:05:35.000000', '2021-07-31 03:06:05.000000', NULL, NULL, 1, 'Mali', 'ML', NULL),
(136, '2021-07-31 03:05:35.000000', '2021-07-31 03:06:05.000000', NULL, NULL, 1, 'Malta', 'MT', NULL),
(137, '2021-07-31 03:05:35.000000', '2021-07-31 03:06:05.000000', NULL, NULL, 1, 'Marshall Islands', 'MH', NULL),
(138, '2021-07-31 03:05:35.000000', '2021-07-31 03:06:05.000000', NULL, NULL, 1, 'Martinique', 'MQ', NULL),
(139, '2021-07-31 03:05:35.000000', '2021-07-31 03:06:05.000000', NULL, NULL, 1, 'Mauritania', 'MR', NULL),
(140, '2021-07-31 03:05:35.000000', '2021-07-31 03:06:05.000000', NULL, NULL, 1, 'Mauritius', 'MU', NULL),
(141, '2021-07-31 03:05:35.000000', '2021-07-31 03:06:05.000000', NULL, NULL, 1, 'Mayotte', 'TY', NULL),
(142, '2021-07-31 03:05:35.000000', '2021-07-31 03:06:05.000000', NULL, NULL, 1, 'Mexico', 'MX', NULL),
(143, '2021-07-31 03:05:35.000000', '2021-07-31 03:06:05.000000', NULL, NULL, 1, 'Micronesia, Federated States of', 'FM', NULL),
(144, '2021-07-31 03:05:35.000000', '2021-07-31 03:06:05.000000', NULL, NULL, 1, 'Moldova, Republic of', 'MD', NULL),
(145, '2021-07-31 03:05:35.000000', '2021-07-31 03:06:05.000000', NULL, NULL, 1, 'Monaco', 'MC', NULL),
(146, '2021-07-31 03:05:35.000000', '2021-07-31 03:06:05.000000', NULL, NULL, 1, 'Mongolia', 'MN', NULL),
(147, '2021-07-31 03:05:35.000000', '2021-07-31 03:06:05.000000', NULL, NULL, 1, 'Montenegro', 'ME', NULL),
(148, '2021-07-31 03:05:35.000000', '2021-07-31 03:06:05.000000', NULL, NULL, 1, 'Montserrat', 'MS', NULL),
(149, '2021-07-31 03:05:35.000000', '2021-07-31 03:06:05.000000', NULL, NULL, 1, 'Morocco', 'MA', NULL),
(150, '2021-07-31 03:05:35.000000', '2021-07-31 03:06:05.000000', NULL, NULL, 1, 'Mozambique', 'MZ', NULL),
(151, '2021-07-31 03:05:35.000000', '2021-07-31 03:06:05.000000', NULL, NULL, 1, 'Myanmar', 'MM', NULL),
(152, '2021-07-31 03:05:35.000000', '2021-07-31 03:06:05.000000', NULL, NULL, 1, 'Namibia', 'NA', NULL),
(153, '2021-07-31 03:05:35.000000', '2021-07-31 03:06:05.000000', NULL, NULL, 1, 'Nauru', 'NR', NULL),
(154, '2021-07-31 03:05:35.000000', '2021-07-31 03:06:05.000000', NULL, NULL, 1, 'Nepal', 'NP', NULL),
(155, '2021-07-31 03:05:35.000000', '2021-07-31 03:06:05.000000', NULL, NULL, 1, 'Netherlands', 'NL', NULL),
(156, '2021-07-31 03:05:35.000000', '2021-07-31 03:06:05.000000', NULL, NULL, 1, 'Netherlands Antilles', 'AN', NULL),
(157, '2021-07-31 03:05:35.000000', '2021-07-31 03:06:05.000000', NULL, NULL, 1, 'New Caledonia', 'NC', NULL),
(158, '2021-07-31 03:05:35.000000', '2021-07-31 03:06:05.000000', NULL, NULL, 1, 'New Zealand', 'NZ', NULL),
(159, '2021-07-31 03:05:35.000000', '2021-07-31 03:06:05.000000', NULL, NULL, 1, 'Nicaragua', 'NI', NULL),
(160, '2021-07-31 03:05:35.000000', '2021-07-31 03:06:05.000000', NULL, NULL, 1, 'Niger', 'NE', NULL),
(161, '2021-07-31 03:05:35.000000', '2021-07-31 03:06:05.000000', NULL, NULL, 1, 'Nigeria', 'NG', NULL),
(162, '2021-07-31 03:05:35.000000', '2021-07-31 03:06:05.000000', NULL, NULL, 1, 'Niue', 'NU', NULL),
(163, '2021-07-31 03:05:35.000000', '2021-07-31 03:06:05.000000', NULL, NULL, 1, 'Norfolk Island', 'NF', NULL),
(164, '2021-07-31 03:05:35.000000', '2021-07-31 03:06:05.000000', NULL, NULL, 1, 'Northern Mariana Islands', 'MP', NULL),
(165, '2021-07-31 03:05:35.000000', '2021-07-31 03:06:05.000000', NULL, NULL, 1, 'Norway', 'NO', NULL),
(166, '2021-07-31 03:05:35.000000', '2021-07-31 03:06:05.000000', NULL, NULL, 1, 'Oman', 'OM', NULL),
(167, '2021-07-31 03:05:35.000000', '2021-07-31 03:06:05.000000', NULL, NULL, 1, 'Pakistan', 'PK', NULL),
(168, '2021-07-31 03:05:35.000000', '2021-07-31 03:06:05.000000', NULL, NULL, 1, 'Palau', 'PW', NULL),
(169, '2021-07-31 03:05:35.000000', '2021-07-31 03:06:05.000000', NULL, NULL, 1, 'Palestine', 'PS', NULL),
(170, '2021-07-31 03:05:35.000000', '2021-07-31 03:06:05.000000', NULL, NULL, 1, 'Panama', 'PA', NULL),
(171, '2021-07-31 03:05:35.000000', '2021-07-31 03:06:05.000000', NULL, NULL, 1, 'Papua New Guinea', 'PG', NULL),
(172, '2021-07-31 03:05:35.000000', '2021-07-31 03:06:05.000000', NULL, NULL, 1, 'Paraguay', 'PY', NULL),
(173, '2021-07-31 03:05:35.000000', '2021-07-31 03:06:05.000000', NULL, NULL, 1, 'Peru', 'PE', NULL),
(174, '2021-07-31 03:05:35.000000', '2021-07-31 03:06:05.000000', NULL, NULL, 1, 'Philippines', 'PH', NULL),
(175, '2021-07-31 03:05:35.000000', '2021-07-31 03:06:05.000000', NULL, NULL, 1, 'Pitcairn', 'PN', NULL),
(176, '2021-07-31 03:05:35.000000', '2021-07-31 03:06:05.000000', NULL, NULL, 1, 'Poland', 'PL', NULL),
(177, '2021-07-31 03:05:35.000000', '2021-07-31 03:06:05.000000', NULL, NULL, 1, 'Portugal', 'PT', NULL),
(178, '2021-07-31 03:05:35.000000', '2021-07-31 03:06:05.000000', NULL, NULL, 1, 'Puerto Rico', 'PR', NULL),
(179, '2021-07-31 03:05:35.000000', '2021-07-31 03:06:05.000000', NULL, NULL, 1, 'Qatar', 'QA', NULL),
(180, '2021-07-31 03:05:35.000000', '2021-07-31 03:06:05.000000', NULL, NULL, 1, 'Reunion', 'RE', NULL),
(181, '2021-07-31 03:05:35.000000', '2021-07-31 03:06:05.000000', NULL, NULL, 1, 'Romania', 'RO', NULL),
(182, '2021-07-31 03:05:35.000000', '2021-07-31 03:06:05.000000', NULL, NULL, 1, 'Russian Federation', 'RU', NULL),
(183, '2021-07-31 03:05:35.000000', '2021-07-31 03:06:05.000000', NULL, NULL, 1, 'Rwanda', 'RW', NULL),
(184, '2021-07-31 03:05:35.000000', '2021-07-31 03:06:05.000000', NULL, NULL, 1, 'Saint Kitts and Nevis', 'KN', NULL),
(185, '2021-07-31 03:05:35.000000', '2021-07-31 03:06:05.000000', NULL, NULL, 1, 'Saint Lucia', 'LC', NULL),
(186, '2021-07-31 03:05:35.000000', '2021-07-31 03:06:05.000000', NULL, NULL, 1, 'Saint Vincent and the Grenadines', 'VC', NULL),
(187, '2021-07-31 03:05:35.000000', '2021-07-31 03:06:05.000000', NULL, NULL, 1, 'Samoa', 'WS', NULL),
(188, '2021-07-31 03:05:35.000000', '2021-07-31 03:06:05.000000', NULL, NULL, 1, 'San Marino', 'SM', NULL),
(189, '2021-07-31 03:05:35.000000', '2021-07-31 03:06:05.000000', NULL, NULL, 1, 'Sao Tome and Principe', 'ST', NULL),
(190, '2021-07-31 03:05:35.000000', '2021-07-31 03:06:05.000000', NULL, NULL, 1, 'Saudi Arabia', 'SA', NULL),
(191, '2021-07-31 03:05:35.000000', '2021-07-31 03:06:05.000000', NULL, NULL, 1, 'Senegal', 'SN', NULL),
(192, '2021-07-31 03:05:35.000000', '2021-07-31 03:06:05.000000', NULL, NULL, 1, 'Serbia', 'RS', NULL),
(193, '2021-07-31 03:05:35.000000', '2021-07-31 03:06:05.000000', NULL, NULL, 1, 'Seychelles', 'SC', NULL),
(194, '2021-07-31 03:05:35.000000', '2021-07-31 03:06:05.000000', NULL, NULL, 1, 'Sierra Leone', 'SL', NULL),
(195, '2021-07-31 03:05:35.000000', '2021-07-31 03:06:05.000000', NULL, NULL, 1, 'Singapore', 'SG', NULL),
(196, '2021-07-31 03:05:35.000000', '2021-07-31 03:06:05.000000', NULL, NULL, 1, 'Slovakia', 'SK', NULL),
(197, '2021-07-31 03:05:35.000000', '2021-07-31 03:06:05.000000', NULL, NULL, 1, 'Slovenia', 'SI', NULL),
(198, '2021-07-31 03:05:35.000000', '2021-07-31 03:06:05.000000', NULL, NULL, 1, 'Solomon Islands', 'SB', NULL),
(199, '2021-07-31 03:05:35.000000', '2021-07-31 03:06:05.000000', NULL, NULL, 1, 'Somalia', 'SO', NULL),
(200, '2021-07-31 03:05:35.000000', '2021-07-31 03:06:05.000000', NULL, NULL, 1, 'South Africa', 'ZA', NULL),
(201, '2021-07-31 03:05:35.000000', '2021-07-31 03:06:05.000000', NULL, NULL, 1, 'South Georgia South Sandwich Islands', 'GS', NULL),
(202, '2021-07-31 03:05:35.000000', '2021-07-31 03:06:05.000000', NULL, NULL, 1, 'South Sudan', 'SS', NULL),
(203, '2021-07-31 03:05:35.000000', '2021-07-31 03:06:05.000000', NULL, NULL, 1, 'Spain', 'ES', NULL),
(204, '2021-07-31 03:05:35.000000', '2021-07-31 03:06:05.000000', NULL, NULL, 1, 'Sri Lanka', 'LK', NULL),
(205, '2021-07-31 03:05:35.000000', '2021-07-31 03:06:05.000000', NULL, NULL, 1, 'St. Helena', 'SH', NULL),
(206, '2021-07-31 03:05:35.000000', '2021-07-31 03:06:05.000000', NULL, NULL, 1, 'St. Pierre and Miquelon', 'PM', NULL),
(207, '2021-07-31 03:05:35.000000', '2021-07-31 03:06:05.000000', NULL, NULL, 1, 'Sudan', 'SD', NULL),
(208, '2021-07-31 03:05:35.000000', '2021-07-31 03:06:05.000000', NULL, NULL, 1, 'Suriname', 'SR', NULL),
(209, '2021-07-31 03:05:35.000000', '2021-07-31 03:06:05.000000', NULL, NULL, 1, 'Svalbard and Jan Mayen Islands', 'SJ', NULL),
(210, '2021-07-31 03:05:35.000000', '2021-07-31 03:06:05.000000', NULL, NULL, 1, 'Swaziland', 'SZ', NULL),
(211, '2021-07-31 03:05:35.000000', '2021-07-31 03:06:05.000000', NULL, NULL, 1, 'Sweden', 'SE', NULL),
(212, '2021-07-31 03:05:35.000000', '2021-07-31 03:06:05.000000', NULL, NULL, 1, 'Switzerland', 'CH', NULL),
(213, '2021-07-31 03:05:35.000000', '2021-07-31 03:06:05.000000', NULL, NULL, 1, 'Syrian Arab Republic', 'SY', NULL),
(214, '2021-07-31 03:05:35.000000', '2021-07-31 03:06:05.000000', NULL, NULL, 1, 'Taiwan', 'TW', NULL),
(215, '2021-07-31 03:05:35.000000', '2021-07-31 03:06:05.000000', NULL, NULL, 1, 'Tajikistan', 'TJ', NULL),
(216, '2021-07-31 03:05:35.000000', '2021-07-31 03:06:05.000000', NULL, NULL, 1, 'Tanzania, United Republic of', 'TZ', NULL),
(217, '2021-07-31 03:05:35.000000', '2021-07-31 03:06:05.000000', NULL, NULL, 1, 'Thailand', 'TH', NULL),
(218, '2021-07-31 03:05:35.000000', '2021-07-31 03:06:05.000000', NULL, NULL, 1, 'Togo', 'TG', NULL),
(219, '2021-07-31 03:05:35.000000', '2021-07-31 03:06:05.000000', NULL, NULL, 1, 'Tokelau', 'TK', NULL),
(220, '2021-07-31 03:05:35.000000', '2021-07-31 03:06:05.000000', NULL, NULL, 1, 'Tonga', 'TO', NULL),
(221, '2021-07-31 03:05:35.000000', '2021-07-31 03:06:05.000000', NULL, NULL, 1, 'Trinidad and Tobago', 'TT', NULL),
(222, '2021-07-31 03:05:35.000000', '2021-07-31 03:06:05.000000', NULL, NULL, 1, 'Tunisia', 'TN', NULL),
(223, '2021-07-31 03:05:35.000000', '2021-07-31 03:06:05.000000', NULL, NULL, 1, 'Turkey', 'TR', NULL),
(224, '2021-07-31 03:05:35.000000', '2021-07-31 03:06:05.000000', NULL, NULL, 1, 'Turkmenistan', 'TM', NULL),
(225, '2021-07-31 03:05:35.000000', '2021-07-31 03:06:05.000000', NULL, NULL, 1, 'Turks and Caicos Islands', 'TC', NULL),
(226, '2021-07-31 03:05:35.000000', '2021-07-31 03:06:05.000000', NULL, NULL, 1, 'Tuvalu', 'TV', NULL),
(227, '2021-07-31 03:05:35.000000', '2021-07-31 03:06:05.000000', NULL, NULL, 1, 'Uganda', 'UG', NULL),
(228, '2021-07-31 03:05:35.000000', '2021-07-31 03:06:05.000000', NULL, NULL, 1, 'Ukraine', 'UA', NULL),
(229, '2021-07-31 03:05:35.000000', '2021-07-31 03:06:05.000000', NULL, NULL, 1, 'United Arab Emirates', 'AE', NULL),
(230, '2021-07-31 03:05:35.000000', '2021-07-31 03:06:05.000000', NULL, NULL, 1, 'United Kingdom', 'GB', NULL),
(231, '2021-07-31 03:05:35.000000', '2021-07-31 03:06:05.000000', NULL, NULL, 1, 'United States', 'US', 1),
(232, '2021-07-31 03:05:35.000000', '2021-07-31 03:06:05.000000', NULL, NULL, 1, 'United States minor outlying islands', 'UM', NULL),
(233, '2021-07-31 03:05:35.000000', '2021-07-31 03:06:05.000000', NULL, NULL, 1, 'Uruguay', 'UY', NULL),
(234, '2021-07-31 03:05:35.000000', '2021-07-31 03:06:05.000000', NULL, NULL, 1, 'Uzbekistan', 'UZ', NULL),
(235, '2021-07-31 03:05:35.000000', '2021-07-31 03:06:05.000000', NULL, NULL, 1, 'Vanuatu', 'VU', NULL),
(236, '2021-07-31 03:05:35.000000', '2021-07-31 03:06:05.000000', NULL, NULL, 1, 'Vatican City State', 'VA', NULL),
(237, '2021-07-31 03:05:35.000000', '2021-07-31 03:06:05.000000', NULL, NULL, 1, 'Venezuela', 'VE', NULL),
(238, '2021-07-31 03:05:35.000000', '2021-07-31 03:06:05.000000', NULL, NULL, 1, 'Vietnam', 'VN', NULL),
(239, '2021-07-31 03:05:35.000000', '2021-07-31 03:06:05.000000', NULL, NULL, 1, 'Virgin Islands (British)', 'VG', NULL),
(240, '2021-07-31 03:05:35.000000', '2021-07-31 03:06:05.000000', NULL, NULL, 1, 'Virgin Islands (U.S.)', 'VI', NULL),
(241, '2021-07-31 03:05:35.000000', '2021-07-31 03:06:05.000000', NULL, NULL, 1, 'Wallis and Futuna Islands', 'WF', NULL),
(242, '2021-07-31 03:05:35.000000', '2021-07-31 03:06:05.000000', NULL, NULL, 1, 'Western Sahara', 'EH', NULL),
(243, '2021-07-31 03:05:35.000000', '2021-07-31 03:06:05.000000', NULL, NULL, 1, 'Yemen', 'YE', NULL),
(244, '2021-07-31 03:05:35.000000', '2021-07-31 03:06:05.000000', NULL, NULL, 1, 'Zaire', 'ZR', NULL),
(245, '2021-07-31 03:05:35.000000', '2021-07-31 03:06:05.000000', NULL, NULL, 1, 'Zambia', 'ZM', NULL),
(246, '2021-07-31 03:05:35.000000', '2021-07-31 03:06:05.000000', NULL, NULL, 1, 'Zimbabwe', 'ZW', NULL);

CREATE TABLE IF NOT EXISTS `_co_mem` (
  `_co_mem_id` int(11) NOT NULL AUTO_INCREMENT,
  `_co_mem_new` timestamp NULL DEFAULT NULL,
  `_co_mem_edit` timestamp NULL DEFAULT NULL ON UPDATE current_timestamp(),
  `_co_mem_del` timestamp NULL DEFAULT NULL,
  `_co_mem_arch` timestamp NULL DEFAULT NULL,
  `_co_mem_active` tinyint(1) DEFAULT 1,
  `fk__co_id` int(11) DEFAULT NULL,
  `fk__mem_id` int(11) DEFAULT NULL,
  `fk__role_id` int(11) DEFAULT NULL,
  PRIMARY KEY (`_co_mem_id`)
) ENGINE=InnoDB AUTO_INCREMENT=2 DEFAULT CHARSET=utf8 COLLATE=utf8_unicode_520_nopad_ci;

INSERT INTO `_co_mem` (`_co_mem_id`, `_co_mem_new`, `_co_mem_edit`, `_co_mem_del`, `_co_mem_arch`, `_co_mem_active`, `fk__co_id`, `fk__mem_id`, `fk__role_id`) VALUES
(1, '2021-11-14 20:17:30', '2021-11-19 20:47:06', NULL, NULL, 1, 1, 1, 1);

CREATE TABLE IF NOT EXISTS `_co_pref` (
  `_co_pref_id` int(11) NOT NULL AUTO_INCREMENT,
  `_co_pref_new` timestamp(6) NOT NULL DEFAULT current_timestamp(6) ON UPDATE current_timestamp(6),
  `_co_pref_edit` timestamp(6) NOT NULL DEFAULT current_timestamp(6) ON UPDATE current_timestamp(6),
  `_co_pref_del` timestamp(6) NULL DEFAULT NULL,
  `_co_pref_arch` timestamp(6) NULL DEFAULT NULL,
  `_co_pref_active` tinyint(1) DEFAULT 1,
  `fk__co_id` int(11) DEFAULT NULL,
  `_co_pref_key` varchar(255) DEFAULT NULL,
  `_co_pref_val` mediumtext DEFAULT NULL,
  PRIMARY KEY (`_co_pref_id`)
) ENGINE=InnoDB DEFAULT CHARSET=utf8 COLLATE=utf8_unicode_520_nopad_ci;

CREATE TABLE IF NOT EXISTS `_co_sub_metric` (
  `_co_sub_metric_id` int(11) NOT NULL AUTO_INCREMENT,
  `_co_sub_metric_new` timestamp NOT NULL DEFAULT current_timestamp(),
  `_co_sub_metric_edit` timestamp NULL DEFAULT NULL ON UPDATE current_timestamp(),
  `_co_sub_metric_del` timestamp NULL DEFAULT NULL,
  `_co_sub_metric_arch` timestamp NULL DEFAULT NULL,
  `_co_sub_metric_active` tinyint(1) DEFAULT NULL,
  `fk__co_id` int(11) DEFAULT NULL,
  `fk__sub_plan_metric_id` int(11) DEFAULT NULL,
  `_co_sub_metric_count_curr` int(11) DEFAULT NULL,
  `_co_sub_metric_count_over` int(11) DEFAULT NULL,
  `_co_sub_metric_total_price` decimal(7,2) DEFAULT NULL,
  `_co_sub_metric_ulid` char(32) DEFAULT NULL,
  PRIMARY KEY (`_co_sub_metric_id`)
) ENGINE=InnoDB DEFAULT CHARSET=utf8 COLLATE=utf8_unicode_520_nopad_ci;

CREATE TABLE IF NOT EXISTS `_co_sub_plan` (
  `_co_sub_plan_id` int(11) NOT NULL AUTO_INCREMENT,
  `_co_sub_plan_new` timestamp NOT NULL DEFAULT current_timestamp(),
  `_co_sub_plan_edit` timestamp NULL DEFAULT NULL ON UPDATE current_timestamp(),
  `_co_sub_plan_del` timestamp NULL DEFAULT NULL,
  `_co_sub_plan_arch` timestamp NULL DEFAULT NULL,
  `_co_sub_plan_active` tinyint(1) DEFAULT NULL,
  `fk__co_id` int(11) DEFAULT NULL,
  `fk__sub_plan_id` int(11) DEFAULT NULL,
  `_co_sub_plan_has_trial` tinyint(1) DEFAULT 1,
  `_co_sub_plan_trial_end` date DEFAULT NULL,
  `_co_sub_plan_total_price` decimal(7,2) DEFAULT NULL,
  `_co_sub_plan_date_last_bill` date DEFAULT NULL,
  `_co_sub_plan_date_next_bill` date DEFAULT NULL,
  `_co_sub_plan_ulid` char(32) DEFAULT NULL,
  PRIMARY KEY (`_co_sub_plan_id`)
) ENGINE=InnoDB DEFAULT CHARSET=utf8 COLLATE=utf8_unicode_520_nopad_ci;

CREATE TABLE IF NOT EXISTS `_doc` (
  `_doc_id` int(11) NOT NULL AUTO_INCREMENT,
  `_doc_new` timestamp(6) NOT NULL DEFAULT current_timestamp(6) ON UPDATE current_timestamp(6),
  `_doc_edit` timestamp(6) NOT NULL DEFAULT current_timestamp(6) ON UPDATE current_timestamp(6),
  `_doc_del` timestamp(6) NULL DEFAULT NULL,
  `_doc_arch` timestamp(6) NULL DEFAULT NULL,
  `_doc_active` tinyint(1) DEFAULT 1,
  `fk__co_id` int(11) DEFAULT NULL,
  `fk__mem_id` int(11) DEFAULT NULL COMMENT '_mem the document relates to',
  `fk_uploader__mem_id` int(11) DEFAULT NULL,
  `_doc_name` varchar(255) DEFAULT NULL,
  `_doc_orig_name` varchar(255) DEFAULT NULL,
  `_doc_type` varchar(255) DEFAULT NULL,
  `_doc_size` int(11) DEFAULT NULL COMMENT 'in kb',
  `_doc_s3_loc` varchar(255) DEFAULT NULL,
  `_doc_hash` varchar(255) DEFAULT NULL,
  PRIMARY KEY (`_doc_id`)
) ENGINE=InnoDB DEFAULT CHARSET=utf8 COLLATE=utf8_unicode_520_nopad_ci;

CREATE TABLE IF NOT EXISTS `_follow` (
  `_follow_id` int(11) NOT NULL AUTO_INCREMENT,
  `_follow_new` timestamp(6) NOT NULL DEFAULT current_timestamp(6) ON UPDATE current_timestamp(6),
  `_follow_edit` timestamp(6) NOT NULL DEFAULT current_timestamp(6) ON UPDATE current_timestamp(6),
  `_follow_del` timestamp(6) NULL DEFAULT NULL,
  `_follow_arch` timestamp(6) NULL DEFAULT NULL,
  `_follow_active` tinyint(1) DEFAULT 1,
  `fk__co_id` int(11) DEFAULT NULL,
  `fk__mem_id` int(11) DEFAULT NULL,
  `_follow_obj` varchar(255) DEFAULT NULL,
  `_follow_obj_id` int(11) DEFAULT NULL,
  PRIMARY KEY (`_follow_id`),
  KEY `_follow_obj` (`_follow_obj`),
  KEY `_follow_obj_id` (`_follow_obj_id`)
) ENGINE=InnoDB DEFAULT CHARSET=utf8 COLLATE=utf8_unicode_520_nopad_ci;

CREATE TABLE IF NOT EXISTS `_lang` (
  `_lang_id` int(11) NOT NULL AUTO_INCREMENT,
  `_lang_new` timestamp(6) NOT NULL DEFAULT current_timestamp(6) ON UPDATE current_timestamp(6),
  `_lang_edit` timestamp(6) NOT NULL DEFAULT current_timestamp(6) ON UPDATE current_timestamp(6),
  `_lang_del` timestamp(6) NULL DEFAULT NULL,
  `_lang_arch` timestamp(6) NULL DEFAULT NULL,
  `_lang_active` tinyint(1) DEFAULT 1,
  `_lang_order` smallint(6) DEFAULT NULL,
  `_lang_name` varchar(255) DEFAULT NULL,
  `_lang_code` varchar(5) DEFAULT NULL,
  `_lang_default` tinyint(1) DEFAULT 0,
  `_lang_system` tinyint(1) DEFAULT 0,
  PRIMARY KEY (`_lang_id`)
) ENGINE=InnoDB AUTO_INCREMENT=136 DEFAULT CHARSET=utf8 COLLATE=utf8_unicode_520_nopad_ci;

INSERT INTO `_lang` (`_lang_id`, `_lang_new`, `_lang_edit`, `_lang_del`, `_lang_arch`, `_lang_active`, `_lang_order`, `_lang_name`, `_lang_code`, `_lang_default`, `_lang_system`) VALUES
(1, '2021-07-31 03:05:35.000000', '2021-07-31 03:06:05.000000', NULL, NULL, 1, 1, 'English', 'en', 1, 1),
(2, '2021-07-31 03:05:35.000000', '2021-07-31 03:06:05.000000', NULL, NULL, 1, 2, 'Spanish', 'es', 0, 1),
(3, '2021-08-02 15:24:19.743004', '2021-08-02 22:24:19.742919', NULL, NULL, 1, 3, 'Abkhazian', 'ab', 0, 0),
(4, '2021-07-31 03:05:35.000000', '2021-07-31 03:06:05.000000', NULL, NULL, 1, 3, 'Afrikaans', 'af', 0, 0),
(5, '2021-07-31 03:05:35.000000', '2021-07-31 03:06:05.000000', NULL, NULL, 1, 3, 'Amharic', 'am', 0, 0),
(6, '2021-07-31 03:05:35.000000', '2021-07-31 03:06:05.000000', NULL, NULL, 1, 3, 'Arabic', 'ar', 0, 0),
(7, '2021-07-31 03:05:35.000000', '2021-07-31 03:06:05.000000', NULL, NULL, 1, 3, 'Assamese', 'as', 0, 0),
(8, '2021-07-31 03:05:35.000000', '2021-07-31 03:06:05.000000', NULL, NULL, 1, 3, 'Aymara', 'ay', 0, 0),
(9, '2021-07-31 03:05:35.000000', '2021-07-31 03:06:05.000000', NULL, NULL, 1, 3, 'Azerbaijani', 'az', 0, 0),
(10, '2021-07-31 03:05:35.000000', '2021-07-31 03:06:05.000000', NULL, NULL, 1, 3, 'Bashkir', 'ba', 0, 0),
(11, '2021-07-31 03:05:35.000000', '2021-07-31 03:06:05.000000', NULL, NULL, 1, 3, 'Belarusian', 'be', 0, 0),
(12, '2021-07-31 03:05:35.000000', '2021-07-31 03:06:05.000000', NULL, NULL, 1, 3, 'Bulgarian', 'bg', 0, 0),
(13, '2021-07-31 03:05:35.000000', '2021-07-31 03:06:05.000000', NULL, NULL, 1, 3, 'Bihari', 'bh', 0, 0),
(14, '2021-07-31 03:05:35.000000', '2021-07-31 03:06:05.000000', NULL, NULL, 1, 3, 'Bislama', 'bi', 0, 0),
(15, '2021-07-31 03:05:35.000000', '2021-07-31 03:06:05.000000', NULL, NULL, 1, 3, 'Bengali/Bangla', 'bn', 0, 0),
(16, '2021-07-31 03:05:35.000000', '2021-07-31 03:06:05.000000', NULL, NULL, 1, 3, 'Tibetan', 'bo', 0, 0),
(17, '2021-07-31 03:05:35.000000', '2021-07-31 03:06:05.000000', NULL, NULL, 1, 3, 'Breton', 'br', 0, 0),
(18, '2021-07-31 03:05:35.000000', '2021-07-31 03:06:05.000000', NULL, NULL, 1, 3, 'Catalan', 'ca', 0, 0),
(19, '2021-07-31 03:05:35.000000', '2021-07-31 03:06:05.000000', NULL, NULL, 1, 3, 'Corsican', 'co', 0, 0),
(20, '2021-07-31 03:05:35.000000', '2021-07-31 03:06:05.000000', NULL, NULL, 1, 3, 'Czech', 'cs', 0, 0),
(21, '2021-07-31 03:05:35.000000', '2021-07-31 03:06:05.000000', NULL, NULL, 1, 3, 'Welsh', 'cy', 0, 0),
(22, '2021-07-31 03:05:35.000000', '2021-07-31 03:06:05.000000', NULL, NULL, 1, 3, 'Danish', 'da', 0, 0),
(23, '2021-07-31 03:05:35.000000', '2021-07-31 03:06:05.000000', NULL, NULL, 1, 3, 'German', 'de', 0, 0),
(24, '2021-07-31 03:05:35.000000', '2021-07-31 03:06:05.000000', NULL, NULL, 1, 3, 'Bhutani', 'dz', 0, 0),
(25, '2021-07-31 03:05:35.000000', '2021-07-31 03:06:05.000000', NULL, NULL, 1, 3, 'Greek', 'el', 0, 0),
(26, '2021-07-31 03:05:35.000000', '2021-07-31 03:06:05.000000', NULL, NULL, 1, 3, 'Esperanto', 'eo', 0, 0),
(27, '2021-07-31 03:05:35.000000', '2021-07-31 03:06:05.000000', NULL, NULL, 1, 3, 'Afar', 'aa', 0, 0),
(28, '2021-07-31 03:05:35.000000', '2021-07-31 03:06:05.000000', NULL, NULL, 1, 3, 'Estonian', 'et', 0, 0),
(29, '2021-07-31 03:05:35.000000', '2021-07-31 03:06:05.000000', NULL, NULL, 1, 3, 'Basque', 'eu', 0, 0),
(30, '2021-07-31 03:05:35.000000', '2021-07-31 03:06:05.000000', NULL, NULL, 1, 3, 'Persian', 'fa', 0, 0),
(31, '2021-07-31 03:05:35.000000', '2021-07-31 03:06:05.000000', NULL, NULL, 1, 3, 'Finnish', 'fi', 0, 0),
(32, '2021-07-31 03:05:35.000000', '2021-07-31 03:06:05.000000', NULL, NULL, 1, 3, 'Fiji', 'fj', 0, 0),
(33, '2021-07-31 03:05:35.000000', '2021-07-31 03:06:05.000000', NULL, NULL, 1, 3, 'Faeroese', 'fo', 0, 0),
(34, '2021-07-31 03:05:35.000000', '2021-07-31 03:06:05.000000', NULL, NULL, 1, 3, 'French', 'fr', 0, 0),
(35, '2021-07-31 03:05:35.000000', '2021-07-31 03:06:05.000000', NULL, NULL, 1, 3, 'Frisian', 'fy', 0, 0),
(36, '2021-07-31 03:05:35.000000', '2021-07-31 03:06:05.000000', NULL, NULL, 1, 3, 'Irish', 'ga', 0, 0),
(37, '2021-07-31 03:05:35.000000', '2021-07-31 03:06:05.000000', NULL, NULL, 1, 3, 'Scots/Gaelic', 'gd', 0, 0),
(38, '2021-07-31 03:05:35.000000', '2021-07-31 03:06:05.000000', NULL, NULL, 1, 3, 'Galician', 'gl', 0, 0),
(39, '2021-07-31 03:05:35.000000', '2021-07-31 03:06:05.000000', NULL, NULL, 1, 3, 'Guarani', 'gn', 0, 0),
(40, '2021-07-31 03:05:35.000000', '2021-07-31 03:06:05.000000', NULL, NULL, 1, 3, 'Gujarati', 'gu', 0, 0),
(41, '2021-07-31 03:05:35.000000', '2021-07-31 03:06:05.000000', NULL, NULL, 1, 3, 'Hausa', 'ha', 0, 0),
(42, '2021-07-31 03:05:35.000000', '2021-07-31 03:06:05.000000', NULL, NULL, 1, 3, 'Hindi', 'hi', 0, 0),
(43, '2021-07-31 03:05:35.000000', '2021-07-31 03:06:05.000000', NULL, NULL, 1, 3, 'Croatian', 'hr', 0, 0),
(44, '2021-07-31 03:05:35.000000', '2021-07-31 03:06:05.000000', NULL, NULL, 1, 3, 'Hungarian', 'hu', 0, 0),
(45, '2021-07-31 03:05:35.000000', '2021-07-31 03:06:05.000000', NULL, NULL, 1, 3, 'Armenian', 'hy', 0, 0),
(46, '2021-07-31 03:05:35.000000', '2021-07-31 03:06:05.000000', NULL, NULL, 1, 3, 'Interlingua', 'ia', 0, 0),
(47, '2021-07-31 03:05:35.000000', '2021-07-31 03:06:05.000000', NULL, NULL, 1, 3, 'Interlingue', 'ie', 0, 0),
(48, '2021-07-31 03:05:35.000000', '2021-07-31 03:06:05.000000', NULL, NULL, 1, 3, 'Inupiak', 'ik', 0, 0),
(49, '2021-07-31 03:05:35.000000', '2021-07-31 03:06:05.000000', NULL, NULL, 1, 3, 'Indonesian', 'in', 0, 0),
(50, '2021-07-31 03:05:35.000000', '2021-07-31 03:06:05.000000', NULL, NULL, 1, 3, 'Icelandic', 'is', 0, 0),
(51, '2021-07-31 03:05:35.000000', '2021-07-31 03:06:05.000000', NULL, NULL, 1, 3, 'Italian', 'it', 0, 0),
(52, '2021-07-31 03:05:35.000000', '2021-07-31 03:06:05.000000', NULL, NULL, 1, 3, 'Hebrew', 'iw', 0, 0),
(53, '2021-07-31 03:05:35.000000', '2021-07-31 03:06:05.000000', NULL, NULL, 1, 3, 'Japanese', 'ja', 0, 0),
(54, '2021-07-31 03:05:35.000000', '2021-07-31 03:06:05.000000', NULL, NULL, 1, 3, 'Yiddish', 'ji', 0, 0),
(55, '2021-07-31 03:05:35.000000', '2021-07-31 03:06:05.000000', NULL, NULL, 1, 3, 'Javanese', 'jw', 0, 0),
(56, '2021-07-31 03:05:35.000000', '2021-07-31 03:06:05.000000', NULL, NULL, 1, 3, 'Georgian', 'ka', 0, 0),
(57, '2021-07-31 03:05:35.000000', '2021-07-31 03:06:05.000000', NULL, NULL, 1, 3, 'Kazakh', 'kk', 0, 0),
(58, '2021-07-31 03:05:35.000000', '2021-07-31 03:06:05.000000', NULL, NULL, 1, 3, 'Greenlandic', 'kl', 0, 0),
(59, '2021-07-31 03:05:35.000000', '2021-07-31 03:06:05.000000', NULL, NULL, 1, 3, 'Cambodian', 'km', 0, 0),
(60, '2021-07-31 03:05:35.000000', '2021-07-31 03:06:05.000000', NULL, NULL, 1, 3, 'Kannada', 'kn', 0, 0),
(61, '2021-07-31 03:05:35.000000', '2021-07-31 03:06:05.000000', NULL, NULL, 1, 3, 'Korean', 'ko', 0, 0),
(62, '2021-07-31 03:05:35.000000', '2021-07-31 03:06:05.000000', NULL, NULL, 1, 3, 'Kashmiri', 'ks', 0, 0),
(63, '2021-07-31 03:05:35.000000', '2021-07-31 03:06:05.000000', NULL, NULL, 1, 3, 'Kurdish', 'ku', 0, 0),
(64, '2021-07-31 03:05:35.000000', '2021-07-31 03:06:05.000000', NULL, NULL, 1, 3, 'Kirghiz', 'ky', 0, 0),
(65, '2021-07-31 03:05:35.000000', '2021-07-31 03:06:05.000000', NULL, NULL, 1, 3, 'Latin', 'la', 0, 0),
(66, '2021-07-31 03:05:35.000000', '2021-07-31 03:06:05.000000', NULL, NULL, 1, 3, 'Lingala', 'ln', 0, 0),
(67, '2021-07-31 03:05:35.000000', '2021-07-31 03:06:05.000000', NULL, NULL, 1, 3, 'Laothian', 'lo', 0, 0),
(68, '2021-07-31 03:05:35.000000', '2021-07-31 03:06:05.000000', NULL, NULL, 1, 3, 'Lithuanian', 'lt', 0, 0),
(69, '2021-07-31 03:05:35.000000', '2021-07-31 03:06:05.000000', NULL, NULL, 1, 3, 'Latvian/Lettish', 'lv', 0, 0),
(70, '2021-07-31 03:05:35.000000', '2021-07-31 03:06:05.000000', NULL, NULL, 1, 3, 'Malagasy', 'mg', 0, 0),
(71, '2021-07-31 03:05:35.000000', '2021-07-31 03:06:05.000000', NULL, NULL, 1, 3, 'Maori', 'mi', 0, 0),
(72, '2021-07-31 03:05:35.000000', '2021-07-31 03:06:05.000000', NULL, NULL, 1, 3, 'Macedonian', 'mk', 0, 0),
(73, '2021-07-31 03:05:35.000000', '2021-07-31 03:06:05.000000', NULL, NULL, 1, 3, 'Malayalam', 'ml', 0, 0),
(74, '2021-07-31 03:05:35.000000', '2021-07-31 03:06:05.000000', NULL, NULL, 1, 3, 'Mongolian', 'mn', 0, 0),
(75, '2021-07-31 03:05:35.000000', '2021-07-31 03:06:05.000000', NULL, NULL, 1, 3, 'Moldavian', 'mo', 0, 0),
(76, '2021-07-31 03:05:35.000000', '2021-07-31 03:06:05.000000', NULL, NULL, 1, 3, 'Marathi', 'mr', 0, 0),
(77, '2021-07-31 03:05:35.000000', '2021-07-31 03:06:05.000000', NULL, NULL, 1, 3, 'Malay', 'ms', 0, 0),
(78, '2021-07-31 03:05:35.000000', '2021-07-31 03:06:05.000000', NULL, NULL, 1, 3, 'Maltese', 'mt', 0, 0),
(79, '2021-07-31 03:05:35.000000', '2021-07-31 03:06:05.000000', NULL, NULL, 1, 3, 'Burmese', 'my', 0, 0),
(80, '2021-07-31 03:05:35.000000', '2021-07-31 03:06:05.000000', NULL, NULL, 1, 3, 'Nauru', 'na', 0, 0),
(81, '2021-07-31 03:05:35.000000', '2021-07-31 03:06:05.000000', NULL, NULL, 1, 3, 'Nepali', 'ne', 0, 0),
(82, '2021-07-31 03:05:35.000000', '2021-07-31 03:06:05.000000', NULL, NULL, 1, 3, 'Dutch', 'nl', 0, 0),
(83, '2021-07-31 03:05:35.000000', '2021-07-31 03:06:05.000000', NULL, NULL, 1, 3, 'Norwegian', 'no', 0, 0),
(84, '2021-07-31 03:05:35.000000', '2021-07-31 03:06:05.000000', NULL, NULL, 1, 3, 'Occitan', 'oc', 0, 0),
(85, '2021-07-31 03:05:35.000000', '2021-07-31 03:06:05.000000', NULL, NULL, 1, 3, '(Afan)/Oromoor/Oriya', 'om', 0, 0),
(86, '2021-07-31 03:05:35.000000', '2021-07-31 03:06:05.000000', NULL, NULL, 1, 3, 'Punjabi', 'pa', 0, 0),
(87, '2021-07-31 03:05:35.000000', '2021-07-31 03:06:05.000000', NULL, NULL, 1, 3, 'Polish', 'pl', 0, 0),
(88, '2021-07-31 03:05:35.000000', '2021-07-31 03:06:05.000000', NULL, NULL, 1, 3, 'Pashto/Pushto', 'ps', 0, 0),
(89, '2021-07-31 03:05:35.000000', '2021-07-31 03:06:05.000000', NULL, NULL, 1, 3, 'Portuguese', 'pt', 0, 0),
(90, '2021-07-31 03:05:35.000000', '2021-07-31 03:06:05.000000', NULL, NULL, 1, 3, 'Quechua', 'qu', 0, 0),
(91, '2021-07-31 03:05:35.000000', '2021-07-31 03:06:05.000000', NULL, NULL, 1, 3, 'Rhaeto-Romance', 'rm', 0, 0),
(92, '2021-07-31 03:05:35.000000', '2021-07-31 03:06:05.000000', NULL, NULL, 1, 3, 'Kirundi', 'rn', 0, 0),
(93, '2021-07-31 03:05:35.000000', '2021-07-31 03:06:05.000000', NULL, NULL, 1, 3, 'Romanian', 'ro', 0, 0),
(94, '2021-07-31 03:05:35.000000', '2021-07-31 03:06:05.000000', NULL, NULL, 1, 3, 'Russian', 'ru', 0, 0),
(95, '2021-07-31 03:05:35.000000', '2021-07-31 03:06:05.000000', NULL, NULL, 1, 3, 'Kinyarwanda', 'rw', 0, 0),
(96, '2021-07-31 03:05:35.000000', '2021-07-31 03:06:05.000000', NULL, NULL, 1, 3, 'Sanskrit', 'sa', 0, 0),
(97, '2021-07-31 03:05:35.000000', '2021-07-31 03:06:05.000000', NULL, NULL, 1, 3, 'Sindhi', 'sd', 0, 0),
(98, '2021-07-31 03:05:35.000000', '2021-07-31 03:06:05.000000', NULL, NULL, 1, 3, 'Sangro', 'sg', 0, 0),
(99, '2021-07-31 03:05:35.000000', '2021-07-31 03:06:05.000000', NULL, NULL, 1, 3, 'Serbo-Croatian', 'sh', 0, 0),
(100, '2021-07-31 03:05:35.000000', '2021-07-31 03:06:05.000000', NULL, NULL, 1, 3, 'Singhalese', 'si', 0, 0),
(101, '2021-07-31 03:05:35.000000', '2021-07-31 03:06:05.000000', NULL, NULL, 1, 3, 'Slovak', 'sk', 0, 0),
(102, '2021-07-31 03:05:35.000000', '2021-07-31 03:06:05.000000', NULL, NULL, 1, 3, 'Slovenian', 'sl', 0, 0),
(103, '2021-07-31 03:05:35.000000', '2021-07-31 03:06:05.000000', NULL, NULL, 1, 3, 'Samoan', 'sm', 0, 0),
(104, '2021-07-31 03:05:35.000000', '2021-07-31 03:06:05.000000', NULL, NULL, 1, 3, 'Shona', 'sn', 0, 0),
(105, '2021-07-31 03:05:35.000000', '2021-07-31 03:06:05.000000', NULL, NULL, 1, 3, 'Somali', 'so', 0, 0),
(106, '2021-07-31 03:05:35.000000', '2021-07-31 03:06:05.000000', NULL, NULL, 1, 3, 'Albanian', 'sq', 0, 0),
(107, '2021-07-31 03:05:35.000000', '2021-07-31 03:06:05.000000', NULL, NULL, 1, 3, 'Serbian', 'sr', 0, 0),
(108, '2021-07-31 03:05:35.000000', '2021-07-31 03:06:05.000000', NULL, NULL, 1, 3, 'Siswati', 'ss', 0, 0),
(109, '2021-07-31 03:05:35.000000', '2021-07-31 03:06:05.000000', NULL, NULL, 1, 3, 'Sesotho', 'st', 0, 0),
(110, '2021-07-31 03:05:35.000000', '2021-07-31 03:06:05.000000', NULL, NULL, 1, 3, 'Sundanese', 'su', 0, 0),
(111, '2021-07-31 03:05:35.000000', '2021-07-31 03:06:05.000000', NULL, NULL, 1, 3, 'Swedish', 'sv', 0, 0),
(112, '2021-07-31 03:05:35.000000', '2021-07-31 03:06:05.000000', NULL, NULL, 1, 3, 'Swahili', 'sw', 0, 0),
(113, '2021-07-31 03:05:35.000000', '2021-07-31 03:06:05.000000', NULL, NULL, 1, 3, 'Tamil', 'ta', 0, 0),
(114, '2021-07-31 03:05:35.000000', '2021-07-31 03:06:05.000000', NULL, NULL, 1, 3, 'Telugu', 'te', 0, 0),
(115, '2021-07-31 03:05:35.000000', '2021-07-31 03:06:05.000000', NULL, NULL, 1, 3, 'Tajik', 'tg', 0, 0),
(116, '2021-07-31 03:05:35.000000', '2021-07-31 03:06:05.000000', NULL, NULL, 1, 3, 'Thai', 'th', 0, 0),
(117, '2021-07-31 03:05:35.000000', '2021-07-31 03:06:05.000000', NULL, NULL, 1, 3, 'Tigrinya', 'ti', 0, 0),
(118, '2021-07-31 03:05:35.000000', '2021-07-31 03:06:05.000000', NULL, NULL, 1, 3, 'Turkmen', 'tk', 0, 0),
(119, '2021-07-31 03:05:35.000000', '2021-07-31 03:06:05.000000', NULL, NULL, 1, 3, 'Tagalog', 'tl', 0, 0),
(120, '2021-07-31 03:05:35.000000', '2021-07-31 03:06:05.000000', NULL, NULL, 1, 3, 'Setswana', 'tn', 0, 0),
(121, '2021-07-31 03:05:35.000000', '2021-07-31 03:06:05.000000', NULL, NULL, 1, 3, 'Tonga', 'to', 0, 0),
(122, '2021-07-31 03:05:35.000000', '2021-07-31 03:06:05.000000', NULL, NULL, 1, 3, 'Turkish', 'tr', 0, 0),
(123, '2021-07-31 03:05:35.000000', '2021-07-31 03:06:05.000000', NULL, NULL, 1, 3, 'Tsonga', 'ts', 0, 0),
(124, '2021-07-31 03:05:35.000000', '2021-07-31 03:06:05.000000', NULL, NULL, 1, 3, 'Tatar', 'tt', 0, 0),
(125, '2021-07-31 03:05:35.000000', '2021-07-31 03:06:05.000000', NULL, NULL, 1, 3, 'Twi', 'tw', 0, 0),
(126, '2021-07-31 03:05:35.000000', '2021-07-31 03:06:05.000000', NULL, NULL, 1, 3, 'Ukrainian', 'uk', 0, 0),
(127, '2021-07-31 03:05:35.000000', '2021-07-31 03:06:05.000000', NULL, NULL, 1, 3, 'Urdu', 'ur', 0, 0),
(128, '2021-07-31 03:05:35.000000', '2021-07-31 03:06:05.000000', NULL, NULL, 1, 3, 'Uzbek', 'uz', 0, 0),
(129, '2021-07-31 03:05:35.000000', '2021-07-31 03:06:05.000000', NULL, NULL, 1, 3, 'Vietnamese', 'vi', 0, 0),
(130, '2021-07-31 03:05:35.000000', '2021-07-31 03:06:05.000000', NULL, NULL, 1, 3, 'Volapuk', 'vo', 0, 0),
(131, '2021-07-31 03:05:35.000000', '2021-07-31 03:06:05.000000', NULL, NULL, 1, 3, 'Wolof', 'wo', 0, 0),
(132, '2021-07-31 03:05:35.000000', '2021-07-31 03:06:05.000000', NULL, NULL, 1, 3, 'Xhosa', 'xh', 0, 0),
(133, '2021-07-31 03:05:35.000000', '2021-07-31 03:06:05.000000', NULL, NULL, 1, 3, 'Yoruba', 'yo', 0, 0),
(134, '2021-07-31 03:05:35.000000', '2021-07-31 03:06:05.000000', NULL, NULL, 1, 3, 'Chinese', 'zh', 0, 0),
(135, '2021-07-31 03:05:35.000000', '2021-07-31 03:06:05.000000', NULL, NULL, 1, 3, 'Zulu', 'zu', 0, 0);

CREATE TABLE IF NOT EXISTS `_log` (
  `_log_id` int(11) NOT NULL AUTO_INCREMENT,
  `_log_new` timestamp(6) NOT NULL DEFAULT current_timestamp(6) ON UPDATE current_timestamp(6),
  `_log_edit` timestamp(6) NOT NULL DEFAULT current_timestamp(6) ON UPDATE current_timestamp(6),
  `_log_del` timestamp(6) NULL DEFAULT NULL,
  `_log_arch` timestamp(6) NULL DEFAULT NULL,
  `_log_active` tinyint(1) DEFAULT 1,
  `fk__co_id` int(11) DEFAULT NULL,
  `fk__mem_id` int(11) DEFAULT NULL,
  `fk__module_id` int(11) DEFAULT NULL,
  `_log_type` varchar(255) DEFAULT NULL,
  `_log_obj` varchar(255) DEFAULT NULL,
  `_log_obj_id` int(11) DEFAULT NULL,
  `_log_note` varchar(255) DEFAULT NULL,
  PRIMARY KEY (`_log_id`)
) ENGINE=InnoDB DEFAULT CHARSET=utf8 COLLATE=utf8_unicode_520_nopad_ci;

CREATE TABLE IF NOT EXISTS `_mem` (
  `_mem_id` int(11) NOT NULL AUTO_INCREMENT,
  `_mem_new` timestamp(6) NULL DEFAULT NULL,
  `_mem_edit` timestamp(6) NOT NULL DEFAULT current_timestamp(6) ON UPDATE current_timestamp(6),
  `_mem_del` timestamp(6) NULL DEFAULT NULL,
  `_mem_arch` timestamp(6) NULL DEFAULT NULL,
  `_mem_active` tinyint(1) DEFAULT 1,
  `fk__doc_id` int(11) DEFAULT NULL COMMENT 'Profile Pic',
  `_mem_ulid` varchar(255) DEFAULT NULL,
  `_mem_code` varchar(255) DEFAULT NULL,
  `_mem_fname` varchar(255) DEFAULT NULL,
  `_mem_mname` varchar(255) DEFAULT NULL,
  `_mem_lname` varchar(255) DEFAULT NULL,
  `_mem_name` varchar(255) DEFAULT NULL,
  `_mem_dob` date DEFAULT NULL,
  `_mem_email` varchar(255) DEFAULT NULL,
  `_mem_email_verified` tinyint(1) DEFAULT 0,
  `_mem_configured` tinyint(1) DEFAULT 0,
  PRIMARY KEY (`_mem_id`)
) ENGINE=InnoDB AUTO_INCREMENT=2 DEFAULT CHARSET=utf8 COLLATE=utf8_unicode_520_nopad_ci COMMENT='Short for member';

INSERT INTO `_mem` (`_mem_id`, `_mem_new`, `_mem_edit`, `_mem_del`, `_mem_arch`, `_mem_active`, `fk__doc_id`, `_mem_ulid`, `_mem_code`, `_mem_fname`, `_mem_mname`, `_mem_lname`, `_mem_name`, `_mem_dob`, `_mem_email`, `_mem_email_verified`, `_mem_configured`) VALUES
(1, '2021-11-14 20:13:54.995658', '2021-11-19 20:39:44.595677', NULL, NULL, 1, NULL, '25c30dce8daf4c4795825127fbc6a221', 'default_admin', 'Default', NULL, 'Admin', 'Default Admin', NULL, 'default@admin', 0, 0);

CREATE TABLE IF NOT EXISTS `_mem_addr` (
  `_mem_addr_id` int(11) NOT NULL AUTO_INCREMENT,
  `_mem_addr_new` timestamp NULL DEFAULT NULL,
  `_mem_addr_edit` timestamp NULL DEFAULT NULL ON UPDATE current_timestamp(),
  `_mem_addr_del` timestamp NULL DEFAULT NULL,
  `_mem_addr_arch` timestamp NULL DEFAULT NULL,
  `_mem_addr_active` tinyint(1) DEFAULT 1,
  `fk__co_id` int(11) DEFAULT NULL,
  `fk__mem_id` int(11) DEFAULT NULL,
  `fk__state_id` int(11) DEFAULT NULL,
  `fk__country_id` int(11) DEFAULT NULL,
  `fk__cat_addr_id` int(11) DEFAULT NULL,
  `_mem_addr_street` varchar(255) DEFAULT NULL,
  `_mem_addr_street_two` varchar(255) DEFAULT NULL,
  `_mem_addr_apt_name` varchar(255) DEFAULT NULL,
  `_mem_addr_city` varchar(255) DEFAULT NULL,
  `_mem_addr_postal` varchar(255) DEFAULT NULL,
  `_mem_addr_owned` tinyint(1) DEFAULT 0,
  `_mem_addr_rented` tinyint(1) DEFAULT 0,
  `_mem_addr_start` date DEFAULT NULL,
  `_mem_addr_end` date DEFAULT NULL,
  `_mem_addr_current` tinyint(1) DEFAULT 0,
  `_mem_addr_renewal` date DEFAULT NULL,
  `_mem_addr_duration` smallint(6) DEFAULT NULL,
  `_mem_addr_homeless` tinyint(1) DEFAULT 0,
  `_mem_addr_protect` tinyint(1) DEFAULT 0,
  PRIMARY KEY (`_mem_addr_id`)
) ENGINE=InnoDB DEFAULT CHARSET=utf8 COLLATE=utf8_unicode_520_nopad_ci;

CREATE TABLE IF NOT EXISTS `_mem_auth` (
  `_mem_auth_id` int(11) NOT NULL AUTO_INCREMENT,
  `_mem_auth_new` timestamp(6) NOT NULL DEFAULT current_timestamp(6) ON UPDATE current_timestamp(6),
  `_mem_auth_edit` timestamp(6) NOT NULL DEFAULT current_timestamp(6) ON UPDATE current_timestamp(6),
  `_mem_auth_del` timestamp(6) NULL DEFAULT NULL,
  `_mem_auth_arch` timestamp(6) NULL DEFAULT NULL,
  `_mem_auth_active` tinyint(1) DEFAULT 1,
  `fk__mem_id` int(11) DEFAULT NULL,
  `fk__co_id` int(11) DEFAULT NULL,
  `_mem_login` varchar(255) DEFAULT NULL,
  `_mem_password` varchar(60) DEFAULT NULL,
  PRIMARY KEY (`_mem_auth_id`)
) ENGINE=InnoDB AUTO_INCREMENT=2 DEFAULT CHARSET=utf8 COLLATE=utf8_unicode_520_nopad_ci;

INSERT INTO `_mem_auth` (`_mem_auth_id`, `_mem_auth_new`, `_mem_auth_edit`, `_mem_auth_del`, `_mem_auth_arch`, `_mem_auth_active`, `fk__mem_id`, `fk__co_id`, `_mem_login`, `_mem_password`) VALUES
(1, '2024-08-31 17:11:01.953270', '2024-08-31 17:11:01.953270', NULL, NULL, 1, 1, 1, 'default@admin', '$2y$10$lOQMJqP0A3mWyksJW/jNeOICQVU64ns3rbK7HXfPksTH4bLyHSXBa');

CREATE TABLE IF NOT EXISTS `_mem_phone` (
  `_mem_phone_id` int(11) NOT NULL AUTO_INCREMENT,
  `_mem_phone_new` timestamp NULL DEFAULT NULL,
  `_mem_phone_edit` timestamp NULL DEFAULT NULL ON UPDATE current_timestamp(),
  `_mem_phone_del` timestamp NULL DEFAULT NULL,
  `_mem_phone_arch` timestamp NULL DEFAULT NULL,
  `_mem_phone_active` tinyint(1) DEFAULT 1,
  `fk__co_id` int(11) DEFAULT NULL,
  `fk__mem_id` int(11) DEFAULT NULL,
  `fk__cat_phone_id` int(11) DEFAULT NULL,
  `_mem_phone_number` varchar(255) DEFAULT NULL,
  `_mem_phone_verified` tinyint(1) DEFAULT 0,
  `_mem_phone_verify_code` varchar(255) DEFAULT NULL,
  PRIMARY KEY (`_mem_phone_id`)
) ENGINE=InnoDB DEFAULT CHARSET=utf8 COLLATE=utf8_unicode_520_nopad_ci;

CREATE TABLE IF NOT EXISTS `_mem_pref` (
  `_mem_pref_id` int(11) NOT NULL AUTO_INCREMENT,
  `_mem_pref_new` timestamp(6) NOT NULL DEFAULT current_timestamp(6) ON UPDATE current_timestamp(6),
  `_mem_pref_edit` timestamp(6) NOT NULL DEFAULT current_timestamp(6) ON UPDATE current_timestamp(6),
  `_mem_pref_del` timestamp(6) NULL DEFAULT NULL,
  `_mem_pref_arch` timestamp(6) NULL DEFAULT NULL,
  `_mem_pref_active` tinyint(1) DEFAULT 1,
  `fk__co_id` int(11) DEFAULT NULL,
  `fk__mem_id` int(11) DEFAULT NULL,
  `_mem_pref_path` varchar(255) DEFAULT NULL,
  `_mem_pref_group` varchar(255) DEFAULT NULL,
  `_mem_pref_value` varchar(255) DEFAULT NULL,
  PRIMARY KEY (`_mem_pref_id`)
) ENGINE=InnoDB DEFAULT CHARSET=utf8 COLLATE=utf8_unicode_520_nopad_ci;

CREATE TABLE IF NOT EXISTS `_mem_reset` (
  `_mem_reset_id` int(11) NOT NULL AUTO_INCREMENT,
  `_mem_reset_new` timestamp(6) NOT NULL DEFAULT current_timestamp(6) ON UPDATE current_timestamp(6),
  `_mem_reset_edit` timestamp(6) NOT NULL DEFAULT current_timestamp(6) ON UPDATE current_timestamp(6),
  `_mem_reset_del` timestamp(6) NULL DEFAULT NULL,
  `_mem_reset_arch` timestamp(6) NULL DEFAULT NULL,
  `_mem_reset_active` tinyint(1) DEFAULT 1,
  `fk__mem_id` int(11) DEFAULT NULL,
  `fk__co_id` int(11) DEFAULT NULL,
  `_mem_reset_token` varchar(255) DEFAULT NULL,
  `_mem_reset_type` varchar(255) DEFAULT NULL,
  `_mem_reset_match_value` varchar(255) DEFAULT NULL,
  `_mem_reset_new_value` varchar(255) DEFAULT NULL,
  PRIMARY KEY (`_mem_reset_id`)
) ENGINE=InnoDB DEFAULT CHARSET=utf8 COLLATE=utf8_unicode_520_nopad_ci;

CREATE TABLE IF NOT EXISTS `_menu_item` (
  `_menu_item_id` int(11) NOT NULL AUTO_INCREMENT,
  `_menu_item_new` timestamp(6) NOT NULL DEFAULT current_timestamp(6) ON UPDATE current_timestamp(6),
  `_menu_item_edit` timestamp(6) NOT NULL DEFAULT current_timestamp(6) ON UPDATE current_timestamp(6),
  `_menu_item_del` timestamp(6) NULL DEFAULT NULL,
  `_menu_item_arch` timestamp(6) NULL DEFAULT NULL,
  `_menu_item_active` tinyint(1) DEFAULT 1,
  `fk__co_id` int(11) DEFAULT NULL,
  `_menu_item_name` varchar(255) DEFAULT NULL,
  `_menu_item_desc` varchar(255) DEFAULT NULL,
  `_menu_item_href` varchar(255) DEFAULT NULL,
  `_menu_item_click` varchar(255) DEFAULT NULL,
  `_menu_item_target` varchar(255) DEFAULT NULL,
  `_menu_item_toggle` varchar(255) DEFAULT NULL,
  `_menu_item_icon` varchar(255) DEFAULT NULL,
  `_menu_item_public` tinyint(1) DEFAULT 0,
  PRIMARY KEY (`_menu_item_id`)
) ENGINE=InnoDB DEFAULT CHARSET=utf8 COLLATE=utf8_unicode_520_nopad_ci;

CREATE TABLE IF NOT EXISTS `_module` (
  `_module_id` int(11) NOT NULL AUTO_INCREMENT,
  `_module_new` timestamp(6) NOT NULL DEFAULT current_timestamp(6) ON UPDATE current_timestamp(6),
  `_module_edit` timestamp(6) NOT NULL DEFAULT current_timestamp(6) ON UPDATE current_timestamp(6),
  `_module_del` timestamp(6) NULL DEFAULT NULL,
  `_module_arch` timestamp(6) NULL DEFAULT NULL,
  `_module_active` tinyint(1) DEFAULT 1,
  `_module_name` varchar(255) DEFAULT NULL COMMENT 'token to translate',
  `_module_desc` varchar(255) DEFAULT NULL,
  `_module_type` varchar(255) DEFAULT NULL,
  `_module_default` tinyint(1) DEFAULT 0,
  `_module_display_order` smallint(6) DEFAULT NULL,
  PRIMARY KEY (`_module_id`)
) ENGINE=InnoDB AUTO_INCREMENT=2 DEFAULT CHARSET=utf8 COLLATE=utf8_unicode_520_nopad_ci;

INSERT INTO `_module` (`_module_id`, `_module_new`, `_module_edit`, `_module_del`, `_module_arch`, `_module_active`, `_module_name`, `_module_desc`, `_module_type`, `_module_default`, `_module_display_order`) VALUES
(1, '2021-11-19 20:46:01.258470', '2021-11-19 20:46:01.258470', NULL, NULL, 1, 'Default Module', 'A module you should edit or delete and make your own.', 'default', 1, 1);

CREATE TABLE IF NOT EXISTS `_module_perm` (
  `_module_perm_id` int(11) NOT NULL AUTO_INCREMENT,
  `_module_perm_new` datetime DEFAULT NULL,
  `_module_perm_edit` datetime DEFAULT NULL ON UPDATE current_timestamp(),
  `_module_perm_del` datetime DEFAULT NULL,
  `_module_perm_arch` datetime DEFAULT NULL,
  `_module_perm_active` tinyint(1) DEFAULT 1,
  `fk__module_id` int(11) DEFAULT NULL,
  `fk__perm_id` int(11) DEFAULT NULL,
  PRIMARY KEY (`_module_perm_id`)
) ENGINE=InnoDB DEFAULT CHARSET=utf8 COLLATE=utf8_unicode_520_nopad_ci;

CREATE TABLE IF NOT EXISTS `_module__mem` (
  `_module__mem_id` int(11) NOT NULL AUTO_INCREMENT,
  `_module__mem_new` timestamp NULL DEFAULT NULL,
  `_module__mem_edit` timestamp NULL DEFAULT NULL ON UPDATE current_timestamp(),
  `_module__mem_del` timestamp NULL DEFAULT NULL,
  `_module__mem_arch` timestamp NULL DEFAULT NULL,
  `_module__mem_active` tinyint(1) DEFAULT 1,
  `fk__co_id` int(11) DEFAULT NULL,
  `fk__module_id` int(11) DEFAULT NULL,
  `fk__mem_id` int(11) DEFAULT NULL,
  `fk__role_id` int(11) DEFAULT NULL,
  `_module__mem_uuid` char(32) DEFAULT NULL,
  `_module__mem_ulid` char(32) DEFAULT NULL,
  PRIMARY KEY (`_module__mem_id`)
) ENGINE=InnoDB AUTO_INCREMENT=7 DEFAULT CHARSET=utf8 COLLATE=utf8_unicode_520_nopad_ci;

INSERT INTO `_module__mem` (`_module__mem_id`, `_module__mem_new`, `_module__mem_edit`, `_module__mem_del`, `_module__mem_arch`, `_module__mem_active`, `fk__co_id`, `fk__module_id`, `fk__mem_id`, `fk__role_id`, `_module__mem_uuid`, `_module__mem_ulid`) VALUES
(1, '2024-01-14 07:42:10', '2024-06-30 01:10:12', NULL, NULL, 1, 1, 1, 1, 1, NULL, '01j1jsx77mysskc06q4bcerrqn'),
(6, '2024-07-01 08:11:56', '2024-07-22 03:52:17', NULL, NULL, 1, 2, 1, 2, 3, NULL, '01j1ncd3vddabxdvjys8bdbpnd');

CREATE TABLE IF NOT EXISTS `_note` (
  `_note_id` int(11) NOT NULL AUTO_INCREMENT,
  `_note_new` timestamp(6) NOT NULL DEFAULT current_timestamp(6) ON UPDATE current_timestamp(6),
  `_note_edit` timestamp(6) NOT NULL DEFAULT current_timestamp(6) ON UPDATE current_timestamp(6),
  `_note_del` timestamp(6) NULL DEFAULT NULL,
  `_note_arch` timestamp(6) NULL DEFAULT NULL,
  `_note_active` tinyint(1) DEFAULT 1,
  `fk__co_id` int(11) DEFAULT NULL,
  `fk__mem_id` int(11) DEFAULT NULL,
  `fk__cat_note_id` int(11) DEFAULT NULL,
  `fk__note_id` int(11) DEFAULT NULL COMMENT 'if !NULL, this is a reply to this note_id',
  `_note_edited` tinyint(1) DEFAULT 0,
  `_note_effective_date` timestamp(6) NULL DEFAULT NULL,
  `_note_text` mediumtext DEFAULT NULL,
  `_note_obj` varchar(255) DEFAULT NULL,
  `_note_obj_id` int(11) DEFAULT NULL,
  PRIMARY KEY (`_note_id`)
) ENGINE=InnoDB DEFAULT CHARSET=utf8 COLLATE=utf8_unicode_520_nopad_ci;

CREATE TABLE IF NOT EXISTS `_notif` (
  `_notif_id` int(11) NOT NULL AUTO_INCREMENT,
  `_notif_new` timestamp(6) NOT NULL DEFAULT current_timestamp(6) ON UPDATE current_timestamp(6),
  `_notif_edit` timestamp(6) NOT NULL DEFAULT current_timestamp(6) ON UPDATE current_timestamp(6),
  `_notif_del` timestamp(6) NULL DEFAULT NULL,
  `_notif_arch` timestamp(6) NULL DEFAULT NULL,
  `_notif_active` tinyint(1) DEFAULT 1,
  `fk__co_id` int(11) DEFAULT NULL,
  `fk__mem_id` int(11) DEFAULT NULL COMMENT 'Author, 0 if system',
  `_notif_text` text DEFAULT NULL,
  PRIMARY KEY (`_notif_id`)
) ENGINE=InnoDB DEFAULT CHARSET=utf8 COLLATE=utf8_unicode_520_nopad_ci;

CREATE TABLE IF NOT EXISTS `_notif_signal` (
  `_notif_signal_id` int(11) NOT NULL AUTO_INCREMENT,
  `_notif_signal_new` timestamp(6) NOT NULL DEFAULT current_timestamp(6) ON UPDATE current_timestamp(6),
  `_notif_signal_edit` timestamp(6) NOT NULL DEFAULT current_timestamp(6) ON UPDATE current_timestamp(6),
  `_notif_signal_del` timestamp(6) NULL DEFAULT NULL,
  `_notif_signal_arch` timestamp(6) NULL DEFAULT NULL,
  `_notif_signal_active` tinyint(1) DEFAULT 1,
  `fk__co_id` int(11) DEFAULT NULL,
  `fk__signal_id` int(11) DEFAULT NULL,
  `fk__notif_id` int(11) DEFAULT NULL,
  PRIMARY KEY (`_notif_signal_id`)
) ENGINE=InnoDB DEFAULT CHARSET=utf8 COLLATE=utf8_unicode_520_nopad_ci;

CREATE TABLE IF NOT EXISTS `_perm` (
  `_perm_id` int(11) NOT NULL AUTO_INCREMENT,
  `_perm_new` timestamp(6) NOT NULL DEFAULT current_timestamp(6) ON UPDATE current_timestamp(6),
  `_perm_edit` timestamp(6) NOT NULL DEFAULT current_timestamp(6) ON UPDATE current_timestamp(6),
  `_perm_del` timestamp(6) NULL DEFAULT NULL,
  `_perm_arch` timestamp(6) NULL DEFAULT NULL,
  `_perm_active` tinyint(1) DEFAULT 1,
  `_perm_protected` tinyint(1) NOT NULL DEFAULT 0,
  `_perm_role_type` varchar(255) DEFAULT '',
  `_perm_name` varchar(255) DEFAULT NULL,
  `_perm_path` varchar(255) DEFAULT NULL,
  `_perm_desc` varchar(255) DEFAULT NULL,
  PRIMARY KEY (`_perm_id`)
) ENGINE=InnoDB AUTO_INCREMENT=51 DEFAULT CHARSET=utf8 COLLATE=utf8_unicode_520_nopad_ci;

INSERT INTO `_perm` (`_perm_id`, `_perm_new`, `_perm_edit`, `_perm_del`, `_perm_arch`, `_perm_active`, `_perm_protected`, `_perm_role_type`, `_perm_name`, `_perm_path`, `_perm_desc`) VALUES
(1, '2024-09-01 04:51:48.510741', '2024-09-01 04:51:48.510741', NULL, NULL, 1, 0, '', '/_admin_exclude', '/_admin_exclude', NULL),
(2, '2024-09-01 04:51:48.606952', '2024-09-01 04:51:48.606952', NULL, NULL, 1, 0, '', '/_admin_obj', '/_admin_obj', NULL),
(3, '2024-09-01 04:51:48.679285', '2024-09-01 04:51:48.679285', NULL, NULL, 1, 0, '', '/_auth_token', '/_auth_token', NULL),
(4, '2024-09-01 04:51:48.717701', '2024-09-01 04:51:48.717701', NULL, NULL, 1, 0, '', '/_cal', '/_cal', NULL),
(5, '2024-09-01 04:51:48.826837', '2024-09-01 04:51:48.826837', NULL, NULL, 1, 0, '', '/_cal_ext', '/_cal_ext', NULL),
(6, '2024-09-01 04:51:48.899049', '2024-09-01 04:51:48.899049', NULL, NULL, 1, 0, '', '/_cal_follow', '/_cal_follow', NULL),
(7, '2024-09-01 04:51:48.976726', '2024-09-01 04:51:48.976726', NULL, NULL, 1, 0, '', '/_cal_item', '/_cal_item', NULL),
(8, '2024-09-01 04:51:49.054034', '2024-09-01 04:51:49.054034', NULL, NULL, 1, 0, '', '/_cat_addr', '/_cat_addr', NULL),
(9, '2024-09-01 04:51:49.115605', '2024-09-01 04:51:49.115605', NULL, NULL, 1, 0, '', '/_cat_note', '/_cat_note', NULL),
(10, '2024-09-01 04:51:49.149267', '2024-09-01 04:51:49.149267', NULL, NULL, 1, 0, '', '/_cat_phone', '/_cat_phone', NULL),
(11, '2024-09-01 04:51:49.208506', '2024-09-01 04:51:49.208506', NULL, NULL, 1, 0, '', '/_co', '/_co', NULL),
(12, '2024-09-01 04:51:49.286617', '2024-09-01 04:51:49.286617', NULL, NULL, 1, 0, '', '/_co_mem', '/_co_mem', NULL),
(13, '2024-09-01 04:51:49.371069', '2024-09-01 04:51:49.371069', NULL, NULL, 1, 0, '', '/_co_pref', '/_co_pref', NULL),
(14, '2024-09-01 04:51:49.508975', '2024-09-01 04:51:49.508975', NULL, NULL, 1, 0, '', '/_co_sub_metric', '/_co_sub_metric', NULL),
(15, '2024-09-01 04:51:49.621233', '2024-09-01 04:51:49.621233', NULL, NULL, 1, 0, '', '/_co_sub_plan', '/_co_sub_plan', NULL),
(16, '2024-09-01 04:51:49.742119', '2024-09-01 04:51:49.742119', NULL, NULL, 1, 0, '', '/_config', '/_config', NULL),
(17, '2024-09-01 04:51:49.833001', '2024-09-01 04:51:49.833001', NULL, NULL, 1, 0, '', '/_country', '/_country', NULL),
(18, '2024-09-01 04:51:49.908887', '2024-09-01 04:51:49.908887', NULL, NULL, 1, 0, '', '/_doc', '/_doc', NULL),
(19, '2024-09-01 04:51:49.987088', '2024-09-01 04:51:49.987088', NULL, NULL, 1, 0, '', '/_follow', '/_follow', NULL),
(20, '2024-09-01 04:51:50.052616', '2024-09-01 04:51:50.052616', NULL, NULL, 1, 0, '', '/_lang', '/_lang', NULL),
(21, '2024-09-01 04:51:50.136310', '2024-09-01 04:51:50.136310', NULL, NULL, 1, 0, '', '/_log', '/_log', NULL),
(22, '2024-09-01 04:51:50.173710', '2024-09-01 04:51:50.173710', NULL, NULL, 1, 0, '', '/_mem', '/_mem', NULL),
(23, '2024-09-01 04:51:50.266735', '2024-09-01 04:51:50.266735', NULL, NULL, 1, 0, '', '/_mem_addr', '/_mem_addr', NULL),
(24, '2024-09-01 04:51:50.386151', '2024-09-01 04:51:50.386151', NULL, NULL, 1, 0, '', '/_mem_auth', '/_mem_auth', NULL),
(25, '2024-09-01 04:51:50.438422', '2024-09-01 04:51:50.438422', NULL, NULL, 1, 0, '', '/_mem_phone', '/_mem_phone', NULL),
(26, '2024-09-01 04:51:50.534266', '2024-09-01 04:51:50.534266', NULL, NULL, 1, 0, '', '/_mem_pref', '/_mem_pref', NULL),
(27, '2024-09-01 04:51:50.626029', '2024-09-01 04:51:50.626029', NULL, NULL, 1, 0, '', '/_mem_reset', '/_mem_reset', NULL),
(28, '2024-09-01 04:51:50.681149', '2024-09-01 04:51:50.681149', NULL, NULL, 1, 0, '', '/_menu_item', '/_menu_item', NULL),
(29, '2024-09-01 04:51:50.778133', '2024-09-01 04:51:50.778133', NULL, NULL, 1, 0, '', '/_module', '/_module', NULL),
(30, '2024-09-01 04:51:50.888943', '2024-09-01 04:51:50.888943', NULL, NULL, 1, 0, '', '/_module__mem', '/_module__mem', NULL),
(31, '2024-09-01 04:51:51.013669', '2024-09-01 04:51:51.013669', NULL, NULL, 1, 0, '', '/_module_perm', '/_module_perm', NULL),
(32, '2024-09-01 04:51:51.104773', '2024-09-01 04:51:51.104773', NULL, NULL, 1, 0, '', '/_note', '/_note', NULL),
(33, '2024-09-01 04:51:51.199004', '2024-09-01 04:51:51.199004', NULL, NULL, 1, 0, '', '/_notif', '/_notif', NULL),
(34, '2024-09-01 04:51:51.336446', '2024-09-01 04:51:51.336446', NULL, NULL, 1, 0, '', '/_notif_signal', '/_notif_signal', NULL),
(35, '2024-09-01 04:51:51.447898', '2024-09-01 04:51:51.447898', NULL, NULL, 1, 0, '', '/_perm', '/_perm', NULL),
(36, '2024-09-01 04:51:51.593540', '2024-09-01 04:51:51.593540', NULL, NULL, 1, 0, '', '/_perm_menu_item', '/_perm_menu_item', NULL),
(37, '2024-09-01 04:51:51.708770', '2024-09-01 04:51:51.708770', NULL, NULL, 1, 0, '', '/_public_path', '/_public_path', NULL),
(38, '2024-09-01 04:51:51.801749', '2024-09-01 04:51:51.801749', NULL, NULL, 1, 0, '', '/_role', '/_role', NULL),
(39, '2024-09-01 04:51:51.903150', '2024-09-01 04:51:51.903150', NULL, NULL, 1, 0, '', '/_role_perm', '/_role_perm', NULL),
(40, '2024-09-01 04:51:52.019686', '2024-09-01 04:51:52.019686', NULL, NULL, 1, 0, '', '/_setting', '/_setting', NULL),
(41, '2024-09-01 04:51:52.130196', '2024-09-01 04:51:52.130196', NULL, NULL, 1, 0, '', '/_state', '/_state', NULL),
(42, '2024-09-01 04:51:52.239561', '2024-09-01 04:51:52.239561', NULL, NULL, 1, 0, '', '/_sub_plan', '/_sub_plan', NULL),
(43, '2024-09-01 04:51:52.363061', '2024-09-01 04:51:52.363061', NULL, NULL, 1, 0, '', '/_sub_plan_metric', '/_sub_plan_metric', NULL),
(44, '2024-09-01 04:51:52.476015', '2024-09-01 04:51:52.476015', NULL, NULL, 1, 0, '', '/_tag', '/_tag', NULL),
(45, '2024-09-01 04:51:52.567155', '2024-09-01 04:51:52.567155', NULL, NULL, 1, 0, '', '/_task', '/_task', NULL),
(46, '2024-09-01 04:51:52.706942', '2024-09-01 04:51:52.706942', NULL, NULL, 1, 0, '', '/_token', '/_token', NULL),
(47, '2024-09-01 04:51:52.800664', '2024-09-01 04:51:52.800664', NULL, NULL, 1, 0, '', '/_token_xl8', '/_token_xl8', NULL),
(48, '2024-09-01 04:51:52.898195', '2024-09-01 04:51:52.898195', NULL, NULL, 1, 0, '', '/_tz', '/_tz', NULL),
(49, '2024-09-01 04:51:53.014166', '2024-09-01 04:51:53.014166', NULL, NULL, 1, 0, '', '/_valid_field', '/_valid_field', NULL),
(50, '2024-09-01 04:51:53.127408', '2024-09-01 04:51:53.127408', NULL, NULL, 1, 0, '', '/_valid_form', '/_valid_form', NULL);

CREATE TABLE IF NOT EXISTS `_perm_menu_item` (
  `_perm_menu_item_id` int(11) NOT NULL AUTO_INCREMENT,
  `_perm_menu_item_new` timestamp(6) NOT NULL DEFAULT current_timestamp(6) ON UPDATE current_timestamp(6),
  `_perm_menu_item_edit` timestamp(6) NOT NULL DEFAULT current_timestamp(6) ON UPDATE current_timestamp(6),
  `_perm_menu_item_del` timestamp(6) NULL DEFAULT NULL,
  `_perm_menu_item_arch` timestamp(6) NULL DEFAULT NULL,
  `_perm_menu_item_active` tinyint(1) DEFAULT 1,
  `fk__co_id` int(11) DEFAULT NULL,
  `fk__perm_id` int(11) DEFAULT NULL,
  `fk__menu_item_id` int(11) DEFAULT NULL,
  `_perm_menu_item_disp_order` smallint(6) DEFAULT NULL,
  PRIMARY KEY (`_perm_menu_item_id`)
) ENGINE=InnoDB DEFAULT CHARSET=utf8 COLLATE=utf8_unicode_520_nopad_ci;

CREATE TABLE IF NOT EXISTS `_public_path` (
  `_public_path_id` int(11) NOT NULL AUTO_INCREMENT,
  `_public_path_new` timestamp(6) NOT NULL DEFAULT current_timestamp(6) ON UPDATE current_timestamp(6),
  `_public_path_edit` timestamp(6) NOT NULL DEFAULT current_timestamp(6) ON UPDATE current_timestamp(6),
  `_public_path_del` timestamp(6) NULL DEFAULT NULL,
  `_public_path_arch` timestamp(6) NULL DEFAULT NULL,
  `_public_path_active` tinyint(1) DEFAULT 1,
  `_public_path` varchar(255) DEFAULT NULL,
  PRIMARY KEY (`_public_path_id`)
) ENGINE=InnoDB AUTO_INCREMENT=15 DEFAULT CHARSET=utf8 COLLATE=utf8_unicode_520_nopad_ci;

INSERT INTO `_public_path` (`_public_path_id`, `_public_path_new`, `_public_path_edit`, `_public_path_del`, `_public_path_arch`, `_public_path_active`, `_public_path`) VALUES
(1, '2021-07-31 03:48:49.804572', '2021-07-31 03:48:49.804572', NULL, NULL, 1, '_auth/password'),
(2, '2021-09-16 01:52:48.326487', '2021-09-16 01:52:48.326487', NULL, NULL, 1, '_tpl'),
(3, '2021-09-16 01:52:50.905655', '2021-09-16 01:52:50.905655', NULL, NULL, 1, '_setting/get_base_settings'),
(4, '2021-09-16 01:52:53.719502', '2021-09-16 01:52:53.719502', NULL, NULL, 1, '_auth/logout'),
(5, '2021-09-16 01:53:14.656621', '2021-09-16 01:53:14.656621', NULL, NULL, 1, '_pricing'),
(6, '2024-08-31 20:40:37.431008', '2024-08-31 20:40:37.431008', NULL, NULL, 1, '_page/show/index'),
(7, '2021-09-16 14:51:58.000000', '2021-09-16 14:51:58.000000', NULL, NULL, 1, '_register/register_co'),
(8, '2021-09-21 15:50:39.715911', '2021-09-21 15:50:39.715911', NULL, NULL, 1, '_verify/email'),
(9, '2024-08-31 20:40:37.447865', '2024-08-31 20:40:37.447865', NULL, NULL, 1, '_page/show/_verify'),
(10, '2024-08-31 20:40:37.450256', '2024-08-31 20:40:37.450256', NULL, NULL, 1, '_page/show/password_reset'),
(11, '2021-09-28 16:10:52.000000', '2021-09-28 16:10:52.000000', NULL, NULL, 1, '_mem_reset/reset'),
(12, '2021-09-30 00:09:43.343747', '2021-09-30 00:09:43.343747', NULL, NULL, 1, '_valid_field/form_fields'),
(13, '2024-08-31 20:40:37.452741', '2024-08-31 20:40:37.452741', NULL, NULL, 1, '_page/show/_admin'),
(14, '2024-08-31 21:38:40.559998', '2024-08-31 21:38:40.559998', NULL, NULL, 1, '_admin/auto_create');

CREATE TABLE IF NOT EXISTS `_role` (
  `_role_id` int(11) NOT NULL AUTO_INCREMENT,
  `_role_new` timestamp(6) NOT NULL DEFAULT current_timestamp(6) ON UPDATE current_timestamp(6),
  `_role_edit` timestamp(6) NOT NULL DEFAULT current_timestamp(6) ON UPDATE current_timestamp(6),
  `_role_del` timestamp(6) NULL DEFAULT NULL,
  `_role_arch` timestamp(6) NULL DEFAULT NULL,
  `_role_active` tinyint(1) DEFAULT 1,
  `fk__co_id` int(11) DEFAULT NULL,
  `_role_default` tinyint(1) DEFAULT 0,
  `_role_name` varchar(255) DEFAULT NULL,
  `_role_desc` varchar(255) DEFAULT NULL,
  `_role_type` varchar(255) DEFAULT NULL COMMENT 'Logical value of the role',
  PRIMARY KEY (`_role_id`)
) ENGINE=InnoDB AUTO_INCREMENT=2 DEFAULT CHARSET=utf8 COLLATE=utf8_unicode_520_nopad_ci;

INSERT INTO `_role` (`_role_id`, `_role_new`, `_role_edit`, `_role_del`, `_role_arch`, `_role_active`, `fk__co_id`, `_role_default`, `_role_name`, `_role_desc`, `_role_type`) VALUES
(1, '2021-11-19 20:47:18.286851', '2021-11-19 20:47:18.286851', NULL, NULL, 1, 1, 1, 'Administrator', 'This is your default admin account. Do not make changes unless you are sure.', 'admin');

CREATE TABLE IF NOT EXISTS `_role_perm` (
  `_role_perm_id` int(11) NOT NULL AUTO_INCREMENT,
  `_role_perm_new` timestamp(6) NOT NULL DEFAULT current_timestamp(6) ON UPDATE current_timestamp(6),
  `_role_perm_edit` timestamp(6) NOT NULL DEFAULT current_timestamp(6) ON UPDATE current_timestamp(6),
  `_role_perm_del` timestamp(6) NULL DEFAULT NULL,
  `_role_perm_arch` timestamp(6) NULL DEFAULT NULL,
  `_role_perm_active` tinyint(1) DEFAULT 1,
  `fk__role_id` int(11) DEFAULT NULL,
  `fk__perm_id` int(11) DEFAULT NULL,
  PRIMARY KEY (`_role_perm_id`)
) ENGINE=InnoDB AUTO_INCREMENT=51 DEFAULT CHARSET=utf8 COLLATE=utf8_unicode_520_nopad_ci;

INSERT INTO `_role_perm` (`_role_perm_id`, `_role_perm_new`, `_role_perm_edit`, `_role_perm_del`, `_role_perm_arch`, `_role_perm_active`, `fk__role_id`, `fk__perm_id`) VALUES
(1, '2024-09-01 04:51:48.515694', '2024-09-01 04:51:48.515694', NULL, NULL, 1, 1, 1),
(2, '2024-09-01 04:51:48.610935', '2024-09-01 04:51:48.610935', NULL, NULL, 1, 1, 2),
(3, '2024-09-01 04:51:48.682866', '2024-09-01 04:51:48.682866', NULL, NULL, 1, 1, 3),
(4, '2024-09-01 04:51:48.730619', '2024-09-01 04:51:48.730619', NULL, NULL, 1, 1, 4),
(5, '2024-09-01 04:51:48.831260', '2024-09-01 04:51:48.831260', NULL, NULL, 1, 1, 5),
(6, '2024-09-01 04:51:48.902438', '2024-09-01 04:51:48.902438', NULL, NULL, 1, 1, 6),
(7, '2024-09-01 04:51:48.980431', '2024-09-01 04:51:48.980431', NULL, NULL, 1, 1, 7),
(8, '2024-09-01 04:51:49.057858', '2024-09-01 04:51:49.057858', NULL, NULL, 1, 1, 8),
(9, '2024-09-01 04:51:49.120902', '2024-09-01 04:51:49.120902', NULL, NULL, 1, 1, 9),
(10, '2024-09-01 04:51:49.153643', '2024-09-01 04:51:49.153643', NULL, NULL, 1, 1, 10),
(11, '2024-09-01 04:51:49.212511', '2024-09-01 04:51:49.212511', NULL, NULL, 1, 1, 11),
(12, '2024-09-01 04:51:49.291454', '2024-09-01 04:51:49.291454', NULL, NULL, 1, 1, 12),
(13, '2024-09-01 04:51:49.380558', '2024-09-01 04:51:49.380558', NULL, NULL, 1, 1, 13),
(14, '2024-09-01 04:51:49.515032', '2024-09-01 04:51:49.515032', NULL, NULL, 1, 1, 14),
(15, '2024-09-01 04:51:49.630461', '2024-09-01 04:51:49.630461', NULL, NULL, 1, 1, 15),
(16, '2024-09-01 04:51:49.746760', '2024-09-01 04:51:49.746760', NULL, NULL, 1, 1, 16),
(17, '2024-09-01 04:51:49.838868', '2024-09-01 04:51:49.838868', NULL, NULL, 1, 1, 17),
(18, '2024-09-01 04:51:49.912630', '2024-09-01 04:51:49.912630', NULL, NULL, 1, 1, 18),
(19, '2024-09-01 04:51:49.991602', '2024-09-01 04:51:49.991602', NULL, NULL, 1, 1, 19),
(20, '2024-09-01 04:51:50.062509', '2024-09-01 04:51:50.062509', NULL, NULL, 1, 1, 20),
(21, '2024-09-01 04:51:50.145463', '2024-09-01 04:51:50.145463', NULL, NULL, 1, 1, 21),
(22, '2024-09-01 04:51:50.185693', '2024-09-01 04:51:50.185693', NULL, NULL, 1, 1, 22),
(23, '2024-09-01 04:51:50.278627', '2024-09-01 04:51:50.278627', NULL, NULL, 1, 1, 23),
(24, '2024-09-01 04:51:50.390653', '2024-09-01 04:51:50.390653', NULL, NULL, 1, 1, 24),
(25, '2024-09-01 04:51:50.447210', '2024-09-01 04:51:50.447210', NULL, NULL, 1, 1, 25),
(26, '2024-09-01 04:51:50.538388', '2024-09-01 04:51:50.538388', NULL, NULL, 1, 1, 26),
(27, '2024-09-01 04:51:50.634715', '2024-09-01 04:51:50.634715', NULL, NULL, 1, 1, 27),
(28, '2024-09-01 04:51:50.685222', '2024-09-01 04:51:50.685222', NULL, NULL, 1, 1, 28),
(29, '2024-09-01 04:51:50.782603', '2024-09-01 04:51:50.782603', NULL, NULL, 1, 1, 29),
(30, '2024-09-01 04:51:50.893765', '2024-09-01 04:51:50.893765', NULL, NULL, 1, 1, 30),
(31, '2024-09-01 04:51:51.018834', '2024-09-01 04:51:51.018834', NULL, NULL, 1, 1, 31),
(32, '2024-09-01 04:51:51.108623', '2024-09-01 04:51:51.108623', NULL, NULL, 1, 1, 32),
(33, '2024-09-01 04:51:51.213335', '2024-09-01 04:51:51.213335', NULL, NULL, 1, 1, 33),
(34, '2024-09-01 04:51:51.342760', '2024-09-01 04:51:51.342760', NULL, NULL, 1, 1, 34),
(35, '2024-09-01 04:51:51.458164', '2024-09-01 04:51:51.458164', NULL, NULL, 1, 1, 35),
(36, '2024-09-01 04:51:51.598986', '2024-09-01 04:51:51.598986', NULL, NULL, 1, 1, 36),
(37, '2024-09-01 04:51:51.712110', '2024-09-01 04:51:51.712110', NULL, NULL, 1, 1, 37),
(38, '2024-09-01 04:51:51.806563', '2024-09-01 04:51:51.806563', NULL, NULL, 1, 1, 38),
(39, '2024-09-01 04:51:51.910321', '2024-09-01 04:51:51.910321', NULL, NULL, 1, 1, 39),
(40, '2024-09-01 04:51:52.026052', '2024-09-01 04:51:52.026052', NULL, NULL, 1, 1, 40),
(41, '2024-09-01 04:51:52.141825', '2024-09-01 04:51:52.141825', NULL, NULL, 1, 1, 41),
(42, '2024-09-01 04:51:52.250404', '2024-09-01 04:51:52.250404', NULL, NULL, 1, 1, 42),
(43, '2024-09-01 04:51:52.366751', '2024-09-01 04:51:52.366751', NULL, NULL, 1, 1, 43),
(44, '2024-09-01 04:51:52.481600', '2024-09-01 04:51:52.481600', NULL, NULL, 1, 1, 44),
(45, '2024-09-01 04:51:52.577402', '2024-09-01 04:51:52.577402', NULL, NULL, 1, 1, 45),
(46, '2024-09-01 04:51:52.712843', '2024-09-01 04:51:52.712843', NULL, NULL, 1, 1, 46),
(47, '2024-09-01 04:51:52.809525', '2024-09-01 04:51:52.809525', NULL, NULL, 1, 1, 47),
(48, '2024-09-01 04:51:52.906112', '2024-09-01 04:51:52.906112', NULL, NULL, 1, 1, 48),
(49, '2024-09-01 04:51:53.018697', '2024-09-01 04:51:53.018697', NULL, NULL, 1, 1, 49),
(50, '2024-09-01 04:51:53.137417', '2024-09-01 04:51:53.137417', NULL, NULL, 1, 1, 50);

CREATE TABLE IF NOT EXISTS `_setting` (
  `_setting_id` int(11) NOT NULL AUTO_INCREMENT,
  `_setting_new` timestamp(6) NOT NULL DEFAULT current_timestamp(6) ON UPDATE current_timestamp(6),
  `_setting_edit` timestamp(6) NOT NULL DEFAULT current_timestamp(6) ON UPDATE current_timestamp(6),
  `_setting_del` timestamp(6) NULL DEFAULT NULL,
  `_setting_arch` timestamp(6) NULL DEFAULT NULL,
  `_setting_active` tinyint(1) DEFAULT 1,
  `_setting_key` varchar(255) DEFAULT NULL,
  `_setting_value` varchar(255) DEFAULT NULL,
  PRIMARY KEY (`_setting_id`)
) ENGINE=InnoDB AUTO_INCREMENT=14 DEFAULT CHARSET=utf8 COLLATE=utf8_unicode_520_nopad_ci;

INSERT INTO `_setting` (`_setting_id`, `_setting_new`, `_setting_edit`, `_setting_del`, `_setting_arch`, `_setting_active`, `_setting_key`, `_setting_value`) VALUES
(1, '2021-09-14 02:24:23.998547', '2021-09-14 02:24:23.998547', NULL, NULL, 1, 'product_name', ''),
(2, '2021-08-13 23:21:20.201349', '2021-08-14 06:21:20.201155', NULL, NULL, 1, 'app_domain', ''),
(3, '2021-09-16 20:03:50.179030', '2021-09-16 20:03:50.179030', NULL, NULL, 1, 'postmark_api_key', ''),
(4, '2021-09-21 20:48:12.987730', '2021-09-21 20:48:12.987730', NULL, NULL, 1, 'system_from_email', ''),
(5, '2021-10-08 01:00:42.663296', '2021-10-08 01:00:42.663296', NULL, NULL, 1, 'storage_access_key', ''),
(6, '2021-10-08 01:00:35.519612', '2021-10-08 01:00:35.519612', NULL, NULL, 1, 'storage_private_key', ''),
(7, '2021-10-08 00:23:39.311472', '2021-10-08 00:23:39.311472', NULL, NULL, 1, 'storage_bucket', ''),
(8, '2021-09-16 22:26:53.634350', '2021-09-16 22:26:53.634350', NULL, NULL, 1, 'stripe_private_test_key', ''),
(9, '2021-07-31 08:05:35.000000', '2021-07-31 08:06:05.000000', NULL, NULL, 1, 'stripe_webhook_secret', NULL),
(10, '2021-08-13 23:21:42.752690', '2021-08-14 06:21:42.752593', NULL, NULL, 1, 'meta_desc', ''),
(11, '2021-07-31 19:48:41.645476', '2021-07-31 19:48:41.645476', NULL, NULL, 1, 'meta_author', ''),
(12, '2021-08-03 16:20:39.872723', '2021-08-03 16:20:39.872723', NULL, NULL, 1, 'copyright_banner', ''),
(13, '2021-09-16 22:27:02.010711', '2021-09-16 22:27:02.010711', NULL, NULL, 1, 'stripe_public_test_key', '');

CREATE TABLE IF NOT EXISTS `_state` (
  `_state_id` int(11) NOT NULL AUTO_INCREMENT,
  `_state_new` timestamp(6) NOT NULL DEFAULT current_timestamp(6) ON UPDATE current_timestamp(6),
  `_state_edit` timestamp(6) NOT NULL DEFAULT current_timestamp(6) ON UPDATE current_timestamp(6),
  `_state_arch` timestamp(6) NULL DEFAULT NULL,
  `_state_del` timestamp(6) NULL DEFAULT NULL,
  `_state_active` tinyint(1) DEFAULT 1,
  `_state_name` char(50) DEFAULT NULL,
  `_state_abbrev` char(2) DEFAULT NULL,
  `fk__country_id` int(11) DEFAULT NULL,
  `_state_display_order` smallint(6) DEFAULT NULL,
  PRIMARY KEY (`_state_id`)
) ENGINE=InnoDB AUTO_INCREMENT=52 DEFAULT CHARSET=utf8 COLLATE=utf8_unicode_520_nopad_ci;

INSERT INTO `_state` (`_state_id`, `_state_new`, `_state_edit`, `_state_arch`, `_state_del`, `_state_active`, `_state_name`, `_state_abbrev`, `fk__country_id`, `_state_display_order`) VALUES
(1, '2021-07-31 03:05:35.000000', '2021-07-31 03:06:05.000000', NULL, NULL, 1, 'Alabama', 'AL', 231, 0),
(2, '2021-07-31 03:05:35.000000', '2021-07-31 03:06:05.000000', NULL, NULL, 1, 'Alaska', 'AK', 231, 0),
(3, '2021-07-31 03:05:35.000000', '2021-07-31 03:06:05.000000', NULL, NULL, 1, 'Arizona', 'AZ', 231, 0),
(4, '2021-07-31 03:05:35.000000', '2021-07-31 03:06:05.000000', NULL, NULL, 1, 'Arkansas', 'AR', 231, 0),
(5, '2021-07-31 03:05:35.000000', '2021-07-31 03:06:05.000000', NULL, NULL, 1, 'California', 'CA', 231, 0),
(6, '2021-07-31 03:05:35.000000', '2021-07-31 03:06:05.000000', NULL, NULL, 1, 'Colorado', 'CO', 231, 0),
(7, '2021-07-31 03:05:35.000000', '2021-07-31 03:06:05.000000', NULL, NULL, 1, 'Connecticut', 'CT', 231, 0),
(8, '2021-07-31 03:05:35.000000', '2021-07-31 03:06:05.000000', NULL, NULL, 1, 'Delaware', 'DE', 231, 0),
(9, '2021-07-31 03:05:35.000000', '2021-07-31 03:06:05.000000', NULL, NULL, 1, 'Florida', 'FL', 231, 0),
(10, '2021-07-31 03:05:35.000000', '2021-07-31 03:06:05.000000', NULL, NULL, 1, 'Georgia', 'GA', 231, 0),
(11, '2021-07-31 03:05:35.000000', '2021-07-31 03:06:05.000000', NULL, NULL, 1, 'Hawaii', 'HI', 231, 0),
(12, '2021-07-31 03:05:35.000000', '2021-07-31 03:06:05.000000', NULL, NULL, 1, 'Idaho', 'ID', 231, 0),
(13, '2021-07-31 03:05:35.000000', '2021-07-31 03:06:05.000000', NULL, NULL, 1, 'Illinois', 'IL', 231, 0),
(14, '2021-07-31 03:05:35.000000', '2021-07-31 03:06:05.000000', NULL, NULL, 1, 'Indiana', 'IN', 231, 0),
(15, '2021-07-31 03:05:35.000000', '2021-07-31 03:06:05.000000', NULL, NULL, 1, 'Iowa', 'IA', 231, 0),
(16, '2021-07-31 03:05:35.000000', '2021-07-31 03:06:05.000000', NULL, NULL, 1, 'Kansas', 'KS', 231, 0),
(17, '2021-07-31 03:05:35.000000', '2021-07-31 03:06:05.000000', NULL, NULL, 1, 'Kentucky', 'KY', 231, 0),
(18, '2021-07-31 03:05:35.000000', '2021-07-31 03:06:05.000000', NULL, NULL, 1, 'Louisiana', 'LA', 231, 0),
(19, '2021-07-31 03:05:35.000000', '2021-07-31 03:06:05.000000', NULL, NULL, 1, 'Maine', 'ME', 231, 0),
(20, '2021-07-31 03:05:35.000000', '2021-07-31 03:06:05.000000', NULL, NULL, 1, 'Maryland', 'MD', 231, 0),
(21, '2021-07-31 03:05:35.000000', '2021-07-31 03:06:05.000000', NULL, NULL, 1, 'Massachusetts', 'MA', 231, 0),
(22, '2021-07-31 03:05:35.000000', '2021-07-31 03:06:05.000000', NULL, NULL, 1, 'Michigan', 'MI', 231, 0),
(23, '2021-07-31 03:05:35.000000', '2021-07-31 03:06:05.000000', NULL, NULL, 1, 'Minnesota', 'MN', 231, 0),
(24, '2021-07-31 03:05:35.000000', '2021-07-31 03:06:05.000000', NULL, NULL, 1, 'Mississippi', 'MS', 231, 0),
(25, '2021-07-31 03:05:35.000000', '2021-07-31 03:06:05.000000', NULL, NULL, 1, 'Missouri', 'MO', 231, 0),
(26, '2021-07-31 03:05:35.000000', '2021-07-31 03:06:05.000000', NULL, NULL, 1, 'Montana', 'MT', 231, 0),
(27, '2021-07-31 03:05:35.000000', '2021-07-31 03:06:05.000000', NULL, NULL, 1, 'Nebraska', 'NE', 231, 0),
(28, '2021-07-31 03:05:35.000000', '2021-07-31 03:06:05.000000', NULL, NULL, 1, 'Nevada', 'NV', 231, 0),
(29, '2021-07-31 03:05:35.000000', '2021-07-31 03:06:05.000000', NULL, NULL, 1, 'New Hampshire', 'NH', 231, 0),
(30, '2021-07-31 03:05:35.000000', '2021-07-31 03:06:05.000000', NULL, NULL, 1, 'New Jersey', 'NJ', 231, 0),
(31, '2021-07-31 03:05:35.000000', '2021-07-31 03:06:05.000000', NULL, NULL, 1, 'New Mexico', 'NM', 231, 0),
(32, '2021-07-31 03:05:35.000000', '2021-07-31 03:06:05.000000', NULL, NULL, 1, 'New York', 'NY', 231, 0),
(33, '2021-07-31 03:05:35.000000', '2021-07-31 03:06:05.000000', NULL, NULL, 1, 'North Carolina', 'NC', 231, 0),
(34, '2021-07-31 03:05:35.000000', '2021-07-31 03:06:05.000000', NULL, NULL, 1, 'North Dakota', 'ND', 231, 0),
(35, '2021-07-31 03:05:35.000000', '2021-07-31 03:06:05.000000', NULL, NULL, 1, 'Ohio', 'OH', 231, 0),
(36, '2021-07-31 03:05:35.000000', '2021-07-31 03:06:05.000000', NULL, NULL, 1, 'Oklahoma', 'OK', 231, 0),
(37, '2021-07-31 03:05:35.000000', '2021-07-31 03:06:05.000000', NULL, NULL, 1, 'Oregon', 'OR', 231, 0),
(38, '2021-07-31 03:05:35.000000', '2021-07-31 03:06:05.000000', NULL, NULL, 1, 'Pennsylvania', 'PA', 231, 0),
(39, '2021-07-31 03:05:35.000000', '2021-07-31 03:06:05.000000', NULL, NULL, 1, 'Rhode Island', 'RI', 231, 0),
(40, '2021-07-31 03:05:35.000000', '2021-07-31 03:06:05.000000', NULL, NULL, 1, 'South Carolina', 'SC', 231, 0),
(41, '2021-07-31 03:05:35.000000', '2021-07-31 03:06:05.000000', NULL, NULL, 1, 'South Dakota', 'SD', 231, 0),
(42, '2021-07-31 03:05:35.000000', '2021-07-31 03:06:05.000000', NULL, NULL, 1, 'Tennessee', 'TN', 231, 0),
(43, '2021-07-31 03:05:35.000000', '2021-07-31 03:06:05.000000', NULL, NULL, 1, 'Texas', 'TX', 231, 0),
(44, '2021-07-31 03:05:35.000000', '2021-07-31 03:06:05.000000', NULL, NULL, 1, 'Utah', 'UT', 231, 0),
(45, '2021-07-31 03:05:35.000000', '2021-07-31 03:06:05.000000', NULL, NULL, 1, 'Vermont', 'VT', 231, 0),
(46, '2021-07-31 03:05:35.000000', '2021-07-31 03:06:05.000000', NULL, NULL, 1, 'Virginia', 'VA', 231, 0),
(47, '2021-07-31 03:05:35.000000', '2021-07-31 03:06:05.000000', NULL, NULL, 1, 'Washington', 'WA', 231, 0),
(48, '2021-07-31 03:05:35.000000', '2021-07-31 03:06:05.000000', NULL, NULL, 1, 'West Virginia', 'WV', 231, 0),
(49, '2021-07-31 03:05:35.000000', '2021-07-31 03:06:05.000000', NULL, NULL, 1, 'Wisconsin', 'WI', 231, 0),
(50, '2021-07-31 03:05:35.000000', '2021-07-31 03:06:05.000000', NULL, NULL, 1, 'Wyoming', 'WY', 231, 0),
(51, '2021-07-31 03:05:35.000000', '2021-07-31 03:06:05.000000', NULL, NULL, 1, 'District of Columbia', 'DC', 231, 0);

CREATE TABLE IF NOT EXISTS `_sub_plan` (
  `_sub_plan_id` int(11) NOT NULL AUTO_INCREMENT,
  `_sub_plan_new` timestamp NOT NULL DEFAULT current_timestamp(),
  `_sub_plan_edit` timestamp NULL DEFAULT NULL ON UPDATE current_timestamp(),
  `_sub_plan_del` timestamp NULL DEFAULT NULL,
  `_sub_plan_arch` timestamp NULL DEFAULT NULL,
  `_sub_plan_active` tinyint(1) DEFAULT NULL,
  `fk__co_id` int(11) DEFAULT NULL,
  `_sub_plan_has_trial` tinyint(1) DEFAULT NULL,
  `_sub_plan_trial_duration` int(11) DEFAULT NULL COMMENT 'in days',
  `_sub_plan_mth_price` decimal(7,2) DEFAULT NULL,
  `_sub_plan_yr_price` decimal(7,2) DEFAULT NULL,
  `_sub_plan_name` varchar(255) DEFAULT NULL,
  `_sub_plan_desc` text DEFAULT NULL,
  `_sub_plan_ulid` char(32) DEFAULT NULL,
  PRIMARY KEY (`_sub_plan_id`)
) ENGINE=InnoDB DEFAULT CHARSET=utf8 COLLATE=utf8_unicode_520_nopad_ci;

CREATE TABLE IF NOT EXISTS `_sub_plan_metric` (
  `_sub_plan_metric_id` int(11) NOT NULL AUTO_INCREMENT,
  `_sub_plan_metric_new` timestamp NOT NULL DEFAULT current_timestamp(),
  `_sub_plan_metric_edit` timestamp NULL DEFAULT NULL ON UPDATE current_timestamp(),
  `_sub_plan_metric_del` timestamp NULL DEFAULT NULL,
  `_sub_plan_metric_arch` timestamp NULL DEFAULT NULL,
  `_sub_plan_metric_active` tinyint(1) DEFAULT NULL,
  `fk__co_id` int(11) DEFAULT NULL,
  `fk__sub_plan_id` int(11) DEFAULT NULL,
  `_sub_plan_metric_is_one_time` tinyint(1) DEFAULT 0,
  `_sub_plan_metric_extra_price` decimal(7,2) DEFAULT NULL,
  `_sub_plan_metric_extra_qty` smallint(6) DEFAULT NULL,
  `_sub_plan_metric_units_incl` smallint(6) DEFAULT NULL COMMENT '0 = no limit',
  `_sub_plan_metric_unit` varchar(20) DEFAULT NULL,
  `_sub_plan_metric_ulid` char(32) DEFAULT NULL,
  PRIMARY KEY (`_sub_plan_metric_id`)
) ENGINE=InnoDB DEFAULT CHARSET=utf8 COLLATE=utf8_unicode_520_nopad_ci;

CREATE TABLE IF NOT EXISTS `_tag` (
  `_tag_id` int(11) NOT NULL AUTO_INCREMENT,
  `_tag_new` timestamp(6) NOT NULL DEFAULT current_timestamp(6) ON UPDATE current_timestamp(6),
  `_tag_edit` timestamp(6) NOT NULL DEFAULT current_timestamp(6) ON UPDATE current_timestamp(6),
  `_tag_del` timestamp(6) NULL DEFAULT NULL,
  `_tag_arch` timestamp(6) NULL DEFAULT NULL,
  `_tag_active` tinyint(1) DEFAULT 1,
  `fk__co_id` int(11) DEFAULT NULL,
  `fk__mem_id` int(11) DEFAULT NULL,
  `_tag` varchar(255) DEFAULT NULL,
  `_tag_obj` varchar(255) DEFAULT NULL,
  `_tag_obj_id` int(11) DEFAULT NULL,
  PRIMARY KEY (`_tag_id`)
) ENGINE=InnoDB DEFAULT CHARSET=utf8 COLLATE=utf8_unicode_520_nopad_ci;

CREATE TABLE IF NOT EXISTS `_task` (
  `_task_id` int(11) NOT NULL AUTO_INCREMENT,
  `_task_new` timestamp(6) NOT NULL DEFAULT current_timestamp(6) ON UPDATE current_timestamp(6),
  `_task_edit` timestamp(6) NOT NULL DEFAULT current_timestamp(6) ON UPDATE current_timestamp(6),
  `_task_del` timestamp(6) NULL DEFAULT NULL,
  `_task_arch` timestamp(6) NULL DEFAULT NULL,
  `_task_active` tinyint(1) DEFAULT 1,
  `fk__co_id` int(11) DEFAULT NULL,
  `fk__mem_id` int(11) DEFAULT NULL,
  `fk_task_completer_id` int(11) DEFAULT NULL,
  `fk_cat_task_id` int(11) DEFAULT NULL,
  `fk_program_id` int(11) DEFAULT NULL,
  `_task_due_date` date DEFAULT NULL,
  `_task_name` varchar(255) DEFAULT NULL,
  `_task_desc` text DEFAULT NULL,
  `_task_obj` varchar(255) DEFAULT NULL,
  `_task_obj_id` int(11) DEFAULT NULL,
  `_task_required` tinyint(1) DEFAULT 0,
  `_task_completion_date` date DEFAULT NULL,
  `_task_status` tinytext DEFAULT '0' COMMENT '0 = No disposition, -1 = did not complete, 1 = did complete',
  `_task_private` tinyint(1) DEFAULT 1,
  PRIMARY KEY (`_task_id`)
) ENGINE=InnoDB DEFAULT CHARSET=utf8 COLLATE=utf8_unicode_520_nopad_ci;

CREATE TABLE IF NOT EXISTS `_token` (
  `_token_id` int(11) NOT NULL AUTO_INCREMENT,
  `_token_new` timestamp(6) NOT NULL DEFAULT current_timestamp(6) ON UPDATE current_timestamp(6),
  `_token_edit` timestamp(6) NOT NULL DEFAULT current_timestamp(6) ON UPDATE current_timestamp(6),
  `_token_del` timestamp(6) NULL DEFAULT NULL,
  `_token_arch` timestamp(6) NULL DEFAULT NULL,
  `_token_active` tinyint(1) DEFAULT 1,
  `_token` varchar(255) DEFAULT NULL,
  PRIMARY KEY (`_token_id`),
  KEY `token` (`_token`)
) ENGINE=InnoDB DEFAULT CHARSET=utf8 COLLATE=utf8_unicode_520_nopad_ci;

CREATE TABLE IF NOT EXISTS `_token_xl8` (
  `_token_xl8_id` int(11) NOT NULL AUTO_INCREMENT,
  `_token_xl8_new` timestamp(6) NOT NULL DEFAULT current_timestamp(6) ON UPDATE current_timestamp(6),
  `_token_xl8_edit` timestamp(6) NOT NULL DEFAULT current_timestamp(6) ON UPDATE current_timestamp(6),
  `_token_xl8_del` timestamp(6) NULL DEFAULT NULL,
  `_token_xl8_arch` timestamp(6) NULL DEFAULT NULL,
  `_token_xl8_active` tinyint(1) DEFAULT 1,
  `fk__token_id` int(11) DEFAULT NULL,
  `fk__lang_id` int(11) DEFAULT NULL,
  `_token_xl8` mediumtext DEFAULT NULL,
  PRIMARY KEY (`_token_xl8_id`),
  KEY `fk_token_id` (`fk__token_id`),
  KEY `fk_lang_id` (`fk__lang_id`)
) ENGINE=InnoDB DEFAULT CHARSET=utf8 COLLATE=utf8_unicode_520_nopad_ci;

CREATE TABLE IF NOT EXISTS `_tz` (
  `_tz_id` int(11) NOT NULL AUTO_INCREMENT,
  `_tz_new` timestamp(6) NOT NULL DEFAULT current_timestamp(6) ON UPDATE current_timestamp(6),
  `_tz_edit` timestamp(6) NOT NULL DEFAULT current_timestamp(6) ON UPDATE current_timestamp(6),
  `_tz_del` timestamp(6) NULL DEFAULT NULL,
  `_tz_arch` timestamp(6) NULL DEFAULT NULL,
  `_tz_active` tinyint(1) DEFAULT 1,
  `_tz_region` varchar(255) DEFAULT NULL,
  `_tz_city` varchar(255) DEFAULT NULL,
  `_tz_value` varchar(255) DEFAULT NULL,
  PRIMARY KEY (`_tz_id`)
) ENGINE=InnoDB AUTO_INCREMENT=427 DEFAULT CHARSET=utf8 COLLATE=utf8_unicode_520_nopad_ci;

INSERT INTO `_tz` (`_tz_id`, `_tz_new`, `_tz_edit`, `_tz_del`, `_tz_arch`, `_tz_active`, `_tz_region`, `_tz_city`, `_tz_value`) VALUES
(1, '2021-07-31 03:05:35.000000', '2021-07-31 03:06:05.000000', NULL, NULL, 1, 'Africa', 'Abidjan', 'Africa/Abidjan'),
(2, '2021-07-31 03:05:35.000000', '2021-07-31 03:06:05.000000', NULL, NULL, 1, 'Africa', 'Accra', 'Africa/Accra'),
(3, '2021-07-31 03:05:35.000000', '2021-07-31 03:06:05.000000', NULL, NULL, 1, 'Africa', 'Addis_Ababa', 'Africa/Addis_Ababa'),
(4, '2021-07-31 03:05:35.000000', '2021-07-31 03:06:05.000000', NULL, NULL, 1, 'Africa', 'Algiers', 'Africa/Algiers'),
(5, '2021-07-31 03:05:35.000000', '2021-07-31 03:06:05.000000', NULL, NULL, 1, 'Africa', 'Asmara', 'Africa/Asmara'),
(6, '2021-07-31 03:05:35.000000', '2021-07-31 03:06:05.000000', NULL, NULL, 1, 'Africa', 'Bamako', 'Africa/Bamako'),
(7, '2021-07-31 03:05:35.000000', '2021-07-31 03:06:05.000000', NULL, NULL, 1, 'Africa', 'Bangui', 'Africa/Bangui'),
(8, '2021-07-31 03:05:35.000000', '2021-07-31 03:06:05.000000', NULL, NULL, 1, 'Africa', 'Banjul', 'Africa/Banjul'),
(9, '2021-07-31 03:05:35.000000', '2021-07-31 03:06:05.000000', NULL, NULL, 1, 'Africa', 'Bissau', 'Africa/Bissau'),
(10, '2021-07-31 03:05:35.000000', '2021-07-31 03:06:05.000000', NULL, NULL, 1, 'Africa', 'Blantyre', 'Africa/Blantyre'),
(11, '2021-07-31 03:05:35.000000', '2021-07-31 03:06:05.000000', NULL, NULL, 1, 'Africa', 'Brazzaville', 'Africa/Brazzaville'),
(12, '2021-07-31 03:05:35.000000', '2021-07-31 03:06:05.000000', NULL, NULL, 1, 'Africa', 'Bujumbura', 'Africa/Bujumbura'),
(13, '2021-07-31 03:05:35.000000', '2021-07-31 03:06:05.000000', NULL, NULL, 1, 'Africa', 'Cairo', 'Africa/Cairo'),
(14, '2021-07-31 03:05:35.000000', '2021-07-31 03:06:05.000000', NULL, NULL, 1, 'Africa', 'Casablanca', 'Africa/Casablanca'),
(15, '2021-07-31 03:05:35.000000', '2021-07-31 03:06:05.000000', NULL, NULL, 1, 'Africa', 'Ceuta', 'Africa/Ceuta'),
(16, '2021-07-31 03:05:35.000000', '2021-07-31 03:06:05.000000', NULL, NULL, 1, 'Africa', 'Conakry', 'Africa/Conakry'),
(17, '2021-07-31 03:05:35.000000', '2021-07-31 03:06:05.000000', NULL, NULL, 1, 'Africa', 'Dakar', 'Africa/Dakar'),
(18, '2021-07-31 03:05:35.000000', '2021-07-31 03:06:05.000000', NULL, NULL, 1, 'Africa', 'Dar_es_Salaam', 'Africa/Dar_es_Salaam'),
(19, '2021-07-31 03:05:35.000000', '2021-07-31 03:06:05.000000', NULL, NULL, 1, 'Africa', 'Djibouti', 'Africa/Djibouti'),
(20, '2021-07-31 03:05:35.000000', '2021-07-31 03:06:05.000000', NULL, NULL, 1, 'Africa', 'Douala', 'Africa/Douala'),
(21, '2021-07-31 03:05:35.000000', '2021-07-31 03:06:05.000000', NULL, NULL, 1, 'Africa', 'El_Aaiun', 'Africa/El_Aaiun'),
(22, '2021-07-31 03:05:35.000000', '2021-07-31 03:06:05.000000', NULL, NULL, 1, 'Africa', 'Freetown', 'Africa/Freetown'),
(23, '2021-07-31 03:05:35.000000', '2021-07-31 03:06:05.000000', NULL, NULL, 1, 'Africa', 'Gaborone', 'Africa/Gaborone'),
(24, '2021-07-31 03:05:35.000000', '2021-07-31 03:06:05.000000', NULL, NULL, 1, 'Africa', 'Harare', 'Africa/Harare'),
(25, '2021-07-31 03:05:35.000000', '2021-07-31 03:06:05.000000', NULL, NULL, 1, 'Africa', 'Johannesburg', 'Africa/Johannesburg'),
(26, '2021-07-31 03:05:35.000000', '2021-07-31 03:06:05.000000', NULL, NULL, 1, 'Africa', 'Juba', 'Africa/Juba'),
(27, '2021-07-31 03:05:35.000000', '2021-07-31 03:06:05.000000', NULL, NULL, 1, 'Africa', 'Kampala', 'Africa/Kampala'),
(28, '2021-07-31 03:05:35.000000', '2021-07-31 03:06:05.000000', NULL, NULL, 1, 'Africa', 'Khartoum', 'Africa/Khartoum'),
(29, '2021-07-31 03:05:35.000000', '2021-07-31 03:06:05.000000', NULL, NULL, 1, 'Africa', 'Kigali', 'Africa/Kigali'),
(30, '2021-07-31 03:05:35.000000', '2021-07-31 03:06:05.000000', NULL, NULL, 1, 'Africa', 'Kinshasa', 'Africa/Kinshasa'),
(31, '2021-07-31 03:05:35.000000', '2021-07-31 03:06:05.000000', NULL, NULL, 1, 'Africa', 'Lagos', 'Africa/Lagos'),
(32, '2021-07-31 03:05:35.000000', '2021-07-31 03:06:05.000000', NULL, NULL, 1, 'Africa', 'Libreville', 'Africa/Libreville'),
(33, '2021-07-31 03:05:35.000000', '2021-07-31 03:06:05.000000', NULL, NULL, 1, 'Africa', 'Lome', 'Africa/Lome'),
(34, '2021-07-31 03:05:35.000000', '2021-07-31 03:06:05.000000', NULL, NULL, 1, 'Africa', 'Luanda', 'Africa/Luanda'),
(35, '2021-07-31 03:05:35.000000', '2021-07-31 03:06:05.000000', NULL, NULL, 1, 'Africa', 'Lubumbashi', 'Africa/Lubumbashi'),
(36, '2021-07-31 03:05:35.000000', '2021-07-31 03:06:05.000000', NULL, NULL, 1, 'Africa', 'Lusaka', 'Africa/Lusaka'),
(37, '2021-07-31 03:05:35.000000', '2021-07-31 03:06:05.000000', NULL, NULL, 1, 'Africa', 'Malabo', 'Africa/Malabo'),
(38, '2021-07-31 03:05:35.000000', '2021-07-31 03:06:05.000000', NULL, NULL, 1, 'Africa', 'Maputo', 'Africa/Maputo'),
(39, '2021-07-31 03:05:35.000000', '2021-07-31 03:06:05.000000', NULL, NULL, 1, 'Africa', 'Maseru', 'Africa/Maseru'),
(40, '2021-07-31 03:05:35.000000', '2021-07-31 03:06:05.000000', NULL, NULL, 1, 'Africa', 'Mbabane', 'Africa/Mbabane'),
(41, '2021-07-31 03:05:35.000000', '2021-07-31 03:06:05.000000', NULL, NULL, 1, 'Africa', 'Mogadishu', 'Africa/Mogadishu'),
(42, '2021-07-31 03:05:35.000000', '2021-07-31 03:06:05.000000', NULL, NULL, 1, 'Africa', 'Monrovia', 'Africa/Monrovia'),
(43, '2021-07-31 03:05:35.000000', '2021-07-31 03:06:05.000000', NULL, NULL, 1, 'Africa', 'Nairobi', 'Africa/Nairobi'),
(44, '2021-07-31 03:05:35.000000', '2021-07-31 03:06:05.000000', NULL, NULL, 1, 'Africa', 'Ndjamena', 'Africa/Ndjamena'),
(45, '2021-07-31 03:05:35.000000', '2021-07-31 03:06:05.000000', NULL, NULL, 1, 'Africa', 'Niamey', 'Africa/Niamey'),
(46, '2021-07-31 03:05:35.000000', '2021-07-31 03:06:05.000000', NULL, NULL, 1, 'Africa', 'Nouakchott', 'Africa/Nouakchott'),
(47, '2021-07-31 03:05:35.000000', '2021-07-31 03:06:05.000000', NULL, NULL, 1, 'Africa', 'Ouagadougou', 'Africa/Ouagadougou'),
(48, '2021-07-31 03:05:35.000000', '2021-07-31 03:06:05.000000', NULL, NULL, 1, 'Africa', 'PortoNovo', 'Africa/PortoNovo'),
(49, '2021-07-31 03:05:35.000000', '2021-07-31 03:06:05.000000', NULL, NULL, 1, 'Africa', 'Sao_Tome', 'Africa/Sao_Tome'),
(50, '2021-07-31 03:05:35.000000', '2021-07-31 03:06:05.000000', NULL, NULL, 1, 'Africa', 'Tripoli', 'Africa/Tripoli'),
(51, '2021-07-31 03:05:35.000000', '2021-07-31 03:06:05.000000', NULL, NULL, 1, 'Africa', 'Tunis', 'Africa/Tunis'),
(52, '2021-07-31 03:05:35.000000', '2021-07-31 03:06:05.000000', NULL, NULL, 1, 'Africa', 'Windhoek', 'Africa/Windhoek'),
(53, '2021-07-31 03:05:35.000000', '2021-07-31 03:06:05.000000', NULL, NULL, 1, 'America', 'Adak', 'America/Adak'),
(54, '2021-07-31 03:05:35.000000', '2021-07-31 03:06:05.000000', NULL, NULL, 1, 'America', 'Anchorage', 'America/Anchorage'),
(55, '2021-07-31 03:05:35.000000', '2021-07-31 03:06:05.000000', NULL, NULL, 1, 'America', 'Anguilla', 'America/Anguilla'),
(56, '2021-07-31 03:05:35.000000', '2021-07-31 03:06:05.000000', NULL, NULL, 1, 'America', 'Antigua', 'America/Antigua'),
(57, '2021-07-31 03:05:35.000000', '2021-07-31 03:06:05.000000', NULL, NULL, 1, 'America', 'Araguaina', 'America/Araguaina'),
(58, '2021-07-31 03:05:35.000000', '2021-07-31 03:06:05.000000', NULL, NULL, 1, 'America', 'Argentina/Buenos_Aires', 'America/Argentina/Buenos_Aires'),
(59, '2021-07-31 03:05:35.000000', '2021-07-31 03:06:05.000000', NULL, NULL, 1, 'America', 'Argentina/Catamarca', 'America/Argentina/Catamarca'),
(60, '2021-07-31 03:05:35.000000', '2021-07-31 03:06:05.000000', NULL, NULL, 1, 'America', 'Argentina/Cordoba', 'America/Argentina/Cordoba'),
(61, '2021-07-31 03:05:35.000000', '2021-07-31 03:06:05.000000', NULL, NULL, 1, 'America', 'Argentina/Jujuy', 'America/Argentina/Jujuy'),
(62, '2021-07-31 03:05:35.000000', '2021-07-31 03:06:05.000000', NULL, NULL, 1, 'America', 'Argentina/La_Rioja', 'America/Argentina/La_Rioja'),
(63, '2021-07-31 03:05:35.000000', '2021-07-31 03:06:05.000000', NULL, NULL, 1, 'America', 'Argentina/Mendoza', 'America/Argentina/Mendoza'),
(64, '2021-07-31 03:05:35.000000', '2021-07-31 03:06:05.000000', NULL, NULL, 1, 'America', 'Argentina/Rio_Gallegos', 'America/Argentina/Rio_Gallegos'),
(65, '2021-07-31 03:05:35.000000', '2021-07-31 03:06:05.000000', NULL, NULL, 1, 'America', 'Argentina/Salta', 'America/Argentina/Salta'),
(66, '2021-07-31 03:05:35.000000', '2021-07-31 03:06:05.000000', NULL, NULL, 1, 'America', 'Argentina/San_Juan', 'America/Argentina/San_Juan'),
(67, '2021-07-31 03:05:35.000000', '2021-07-31 03:06:05.000000', NULL, NULL, 1, 'America', 'Argentina/San_Luis', 'America/Argentina/San_Luis'),
(68, '2021-07-31 03:05:35.000000', '2021-07-31 03:06:05.000000', NULL, NULL, 1, 'America', 'Argentina/Tucuman', 'America/Argentina/Tucuman'),
(69, '2021-07-31 03:05:35.000000', '2021-07-31 03:06:05.000000', NULL, NULL, 1, 'America', 'Argentina/Ushuaia', 'America/Argentina/Ushuaia'),
(70, '2021-07-31 03:05:35.000000', '2021-07-31 03:06:05.000000', NULL, NULL, 1, 'America', 'Aruba', 'America/Aruba'),
(71, '2021-07-31 03:05:35.000000', '2021-07-31 03:06:05.000000', NULL, NULL, 1, 'America', 'Asuncion', 'America/Asuncion'),
(72, '2021-07-31 03:05:35.000000', '2021-07-31 03:06:05.000000', NULL, NULL, 1, 'America', 'Atikokan', 'America/Atikokan'),
(73, '2021-07-31 03:05:35.000000', '2021-07-31 03:06:05.000000', NULL, NULL, 1, 'America', 'Bahia', 'America/Bahia'),
(74, '2021-07-31 03:05:35.000000', '2021-07-31 03:06:05.000000', NULL, NULL, 1, 'America', 'Bahia_Banderas', 'America/Bahia_Banderas'),
(75, '2021-07-31 03:05:35.000000', '2021-07-31 03:06:05.000000', NULL, NULL, 1, 'America', 'Barbados', 'America/Barbados'),
(76, '2021-07-31 03:05:35.000000', '2021-07-31 03:06:05.000000', NULL, NULL, 1, 'America', 'Belem', 'America/Belem'),
(77, '2021-07-31 03:05:35.000000', '2021-07-31 03:06:05.000000', NULL, NULL, 1, 'America', 'Belize', 'America/Belize'),
(78, '2021-07-31 03:05:35.000000', '2021-07-31 03:06:05.000000', NULL, NULL, 1, 'America', 'BlancSablon', 'America/BlancSablon'),
(79, '2021-07-31 03:05:35.000000', '2021-07-31 03:06:05.000000', NULL, NULL, 1, 'America', 'Boa_Vista', 'America/Boa_Vista'),
(80, '2021-07-31 03:05:35.000000', '2021-07-31 03:06:05.000000', NULL, NULL, 1, 'America', 'Bogota', 'America/Bogota'),
(81, '2021-07-31 03:05:35.000000', '2021-07-31 03:06:05.000000', NULL, NULL, 1, 'America', 'Boise', 'America/Boise'),
(82, '2021-07-31 03:05:35.000000', '2021-07-31 03:06:05.000000', NULL, NULL, 1, 'America', 'Cambridge_Bay', 'America/Cambridge_Bay'),
(83, '2021-07-31 03:05:35.000000', '2021-07-31 03:06:05.000000', NULL, NULL, 1, 'America', 'Campo_Grande', 'America/Campo_Grande'),
(84, '2021-07-31 03:05:35.000000', '2021-07-31 03:06:05.000000', NULL, NULL, 1, 'America', 'Cancun', 'America/Cancun'),
(85, '2021-07-31 03:05:35.000000', '2021-07-31 03:06:05.000000', NULL, NULL, 1, 'America', 'Caracas', 'America/Caracas'),
(86, '2021-07-31 03:05:35.000000', '2021-07-31 03:06:05.000000', NULL, NULL, 1, 'America', 'Cayenne', 'America/Cayenne'),
(87, '2021-07-31 03:05:35.000000', '2021-07-31 03:06:05.000000', NULL, NULL, 1, 'America', 'Cayman', 'America/Cayman'),
(88, '2021-07-31 03:05:35.000000', '2021-07-31 03:06:05.000000', NULL, NULL, 1, 'America', 'Chicago', 'America/Chicago'),
(89, '2021-07-31 03:05:35.000000', '2021-07-31 03:06:05.000000', NULL, NULL, 1, 'America', 'Chihuahua', 'America/Chihuahua'),
(90, '2021-07-31 03:05:35.000000', '2021-07-31 03:06:05.000000', NULL, NULL, 1, 'America', 'Costa_Rica', 'America/Costa_Rica'),
(91, '2021-07-31 03:05:35.000000', '2021-07-31 03:06:05.000000', NULL, NULL, 1, 'America', 'Creston', 'America/Creston'),
(92, '2021-07-31 03:05:35.000000', '2021-07-31 03:06:05.000000', NULL, NULL, 1, 'America', 'Cuiaba', 'America/Cuiaba'),
(93, '2021-07-31 03:05:35.000000', '2021-07-31 03:06:05.000000', NULL, NULL, 1, 'America', 'Curacao', 'America/Curacao'),
(94, '2021-07-31 03:05:35.000000', '2021-07-31 03:06:05.000000', NULL, NULL, 1, 'America', 'Danmarkshavn', 'America/Danmarkshavn'),
(95, '2021-07-31 03:05:35.000000', '2021-07-31 03:06:05.000000', NULL, NULL, 1, 'America', 'Dawson', 'America/Dawson'),
(96, '2021-07-31 03:05:35.000000', '2021-07-31 03:06:05.000000', NULL, NULL, 1, 'America', 'Dawson_Creek', 'America/Dawson_Creek'),
(97, '2021-07-31 03:05:35.000000', '2021-07-31 03:06:05.000000', NULL, NULL, 1, 'America', 'Denver', 'America/Denver'),
(98, '2021-07-31 03:05:35.000000', '2021-07-31 03:06:05.000000', NULL, NULL, 1, 'America', 'Detroit', 'America/Detroit'),
(99, '2021-07-31 03:05:35.000000', '2021-07-31 03:06:05.000000', NULL, NULL, 1, 'America', 'Dominica', 'America/Dominica'),
(100, '2021-07-31 03:05:35.000000', '2021-07-31 03:06:05.000000', NULL, NULL, 1, 'America', 'Edmonton', 'America/Edmonton'),
(101, '2021-07-31 03:05:35.000000', '2021-07-31 03:06:05.000000', NULL, NULL, 1, 'America', 'Eirunepe', 'America/Eirunepe'),
(102, '2021-07-31 03:05:35.000000', '2021-07-31 03:06:05.000000', NULL, NULL, 1, 'America', 'El_Salvador', 'America/El_Salvador'),
(103, '2021-07-31 03:05:35.000000', '2021-07-31 03:06:05.000000', NULL, NULL, 1, 'America', 'Fort_Nelson', 'America/Fort_Nelson'),
(104, '2021-07-31 03:05:35.000000', '2021-07-31 03:06:05.000000', NULL, NULL, 1, 'America', 'Fortaleza', 'America/Fortaleza'),
(105, '2021-07-31 03:05:35.000000', '2021-07-31 03:06:05.000000', NULL, NULL, 1, 'America', 'Glace_Bay', 'America/Glace_Bay'),
(106, '2021-07-31 03:05:35.000000', '2021-07-31 03:06:05.000000', NULL, NULL, 1, 'America', 'Godthab', 'America/Godthab'),
(107, '2021-07-31 03:05:35.000000', '2021-07-31 03:06:05.000000', NULL, NULL, 1, 'America', 'Goose_Bay', 'America/Goose_Bay'),
(108, '2021-07-31 03:05:35.000000', '2021-07-31 03:06:05.000000', NULL, NULL, 1, 'America', 'Grand_Turk', 'America/Grand_Turk'),
(109, '2021-07-31 03:05:35.000000', '2021-07-31 03:06:05.000000', NULL, NULL, 1, 'America', 'Grenada', 'America/Grenada'),
(110, '2021-07-31 03:05:35.000000', '2021-07-31 03:06:05.000000', NULL, NULL, 1, 'America', 'Guadeloupe', 'America/Guadeloupe'),
(111, '2021-07-31 03:05:35.000000', '2021-07-31 03:06:05.000000', NULL, NULL, 1, 'America', 'Guatemala', 'America/Guatemala'),
(112, '2021-07-31 03:05:35.000000', '2021-07-31 03:06:05.000000', NULL, NULL, 1, 'America', 'Guayaquil', 'America/Guayaquil'),
(113, '2021-07-31 03:05:35.000000', '2021-07-31 03:06:05.000000', NULL, NULL, 1, 'America', 'Guyana', 'America/Guyana'),
(114, '2021-07-31 03:05:35.000000', '2021-07-31 03:06:05.000000', NULL, NULL, 1, 'America', 'Halifax', 'America/Halifax'),
(115, '2021-07-31 03:05:35.000000', '2021-07-31 03:06:05.000000', NULL, NULL, 1, 'America', 'Havana', 'America/Havana'),
(116, '2021-07-31 03:05:35.000000', '2021-07-31 03:06:05.000000', NULL, NULL, 1, 'America', 'Hermosillo', 'America/Hermosillo'),
(117, '2021-07-31 03:05:35.000000', '2021-07-31 03:06:05.000000', NULL, NULL, 1, 'America', 'Indiana/Indianapolis', 'America/Indiana/Indianapolis'),
(118, '2021-07-31 03:05:35.000000', '2021-07-31 03:06:05.000000', NULL, NULL, 1, 'America', 'Indiana/Knox', 'America/Indiana/Knox'),
(119, '2021-07-31 03:05:35.000000', '2021-07-31 03:06:05.000000', NULL, NULL, 1, 'America', 'Indiana/Marengo', 'America/Indiana/Marengo'),
(120, '2021-07-31 03:05:35.000000', '2021-07-31 03:06:05.000000', NULL, NULL, 1, 'America', 'Indiana/Petersburg', 'America/Indiana/Petersburg'),
(121, '2021-07-31 03:05:35.000000', '2021-07-31 03:06:05.000000', NULL, NULL, 1, 'America', 'Indiana/Tell_City', 'America/Indiana/Tell_City'),
(122, '2021-07-31 03:05:35.000000', '2021-07-31 03:06:05.000000', NULL, NULL, 1, 'America', 'Indiana/Vevay', 'America/Indiana/Vevay'),
(123, '2021-07-31 03:05:35.000000', '2021-07-31 03:06:05.000000', NULL, NULL, 1, 'America', 'Indiana/Vincennes', 'America/Indiana/Vincennes'),
(124, '2021-07-31 03:05:35.000000', '2021-07-31 03:06:05.000000', NULL, NULL, 1, 'America', 'Indiana/Winamac', 'America/Indiana/Winamac'),
(125, '2021-07-31 03:05:35.000000', '2021-07-31 03:06:05.000000', NULL, NULL, 1, 'America', 'Inuvik', 'America/Inuvik'),
(126, '2021-07-31 03:05:35.000000', '2021-07-31 03:06:05.000000', NULL, NULL, 1, 'America', 'Iqaluit', 'America/Iqaluit'),
(127, '2021-07-31 03:05:35.000000', '2021-07-31 03:06:05.000000', NULL, NULL, 1, 'America', 'Jamaica', 'America/Jamaica'),
(128, '2021-07-31 03:05:35.000000', '2021-07-31 03:06:05.000000', NULL, NULL, 1, 'America', 'Juneau', 'America/Juneau'),
(129, '2021-07-31 03:05:35.000000', '2021-07-31 03:06:05.000000', NULL, NULL, 1, 'America', 'Kentucky/Louisville', 'America/Kentucky/Louisville'),
(130, '2021-07-31 03:05:35.000000', '2021-07-31 03:06:05.000000', NULL, NULL, 1, 'America', 'Kentucky/Monticello', 'America/Kentucky/Monticello'),
(131, '2021-07-31 03:05:35.000000', '2021-07-31 03:06:05.000000', NULL, NULL, 1, 'America', 'Kralendijk', 'America/Kralendijk'),
(132, '2021-07-31 03:05:35.000000', '2021-07-31 03:06:05.000000', NULL, NULL, 1, 'America', 'La_Paz', 'America/La_Paz'),
(133, '2021-07-31 03:05:35.000000', '2021-07-31 03:06:05.000000', NULL, NULL, 1, 'America', 'Lima', 'America/Lima'),
(134, '2021-07-31 03:05:35.000000', '2021-07-31 03:06:05.000000', NULL, NULL, 1, 'America', 'Los_Angeles', 'America/Los_Angeles'),
(135, '2021-07-31 03:05:35.000000', '2021-07-31 03:06:05.000000', NULL, NULL, 1, 'America', 'Lower_Princes', 'America/Lower_Princes'),
(136, '2021-07-31 03:05:35.000000', '2021-07-31 03:06:05.000000', NULL, NULL, 1, 'America', 'Maceio', 'America/Maceio'),
(137, '2021-07-31 03:05:35.000000', '2021-07-31 03:06:05.000000', NULL, NULL, 1, 'America', 'Managua', 'America/Managua'),
(138, '2021-07-31 03:05:35.000000', '2021-07-31 03:06:05.000000', NULL, NULL, 1, 'America', 'Manaus', 'America/Manaus'),
(139, '2021-07-31 03:05:35.000000', '2021-07-31 03:06:05.000000', NULL, NULL, 1, 'America', 'Marigot', 'America/Marigot'),
(140, '2021-07-31 03:05:35.000000', '2021-07-31 03:06:05.000000', NULL, NULL, 1, 'America', 'Martinique', 'America/Martinique'),
(141, '2021-07-31 03:05:35.000000', '2021-07-31 03:06:05.000000', NULL, NULL, 1, 'America', 'Matamoros', 'America/Matamoros'),
(142, '2021-07-31 03:05:35.000000', '2021-07-31 03:06:05.000000', NULL, NULL, 1, 'America', 'Mazatlan', 'America/Mazatlan'),
(143, '2021-07-31 03:05:35.000000', '2021-07-31 03:06:05.000000', NULL, NULL, 1, 'America', 'Menominee', 'America/Menominee'),
(144, '2021-07-31 03:05:35.000000', '2021-07-31 03:06:05.000000', NULL, NULL, 1, 'America', 'Merida', 'America/Merida'),
(145, '2021-07-31 03:05:35.000000', '2021-07-31 03:06:05.000000', NULL, NULL, 1, 'America', 'Metlakatla', 'America/Metlakatla'),
(146, '2021-07-31 03:05:35.000000', '2021-07-31 03:06:05.000000', NULL, NULL, 1, 'America', 'Mexico_City', 'America/Mexico_City'),
(147, '2021-07-31 03:05:35.000000', '2021-07-31 03:06:05.000000', NULL, NULL, 1, 'America', 'Miquelon', 'America/Miquelon'),
(148, '2021-07-31 03:05:35.000000', '2021-07-31 03:06:05.000000', NULL, NULL, 1, 'America', 'Moncton', 'America/Moncton'),
(149, '2021-07-31 03:05:35.000000', '2021-07-31 03:06:05.000000', NULL, NULL, 1, 'America', 'Monterrey', 'America/Monterrey'),
(150, '2021-07-31 03:05:35.000000', '2021-07-31 03:06:05.000000', NULL, NULL, 1, 'America', 'Montevideo', 'America/Montevideo'),
(151, '2021-07-31 03:05:35.000000', '2021-07-31 03:06:05.000000', NULL, NULL, 1, 'America', 'Montserrat', 'America/Montserrat'),
(152, '2021-07-31 03:05:35.000000', '2021-07-31 03:06:05.000000', NULL, NULL, 1, 'America', 'Nassau', 'America/Nassau'),
(153, '2021-07-31 03:05:35.000000', '2021-07-31 03:06:05.000000', NULL, NULL, 1, 'America', 'New_York', 'America/New_York'),
(154, '2021-07-31 03:05:35.000000', '2021-07-31 03:06:05.000000', NULL, NULL, 1, 'America', 'Nipigon', 'America/Nipigon'),
(155, '2021-07-31 03:05:35.000000', '2021-07-31 03:06:05.000000', NULL, NULL, 1, 'America', 'Nome', 'America/Nome'),
(156, '2021-07-31 03:05:35.000000', '2021-07-31 03:06:05.000000', NULL, NULL, 1, 'America', 'Noronha', 'America/Noronha'),
(157, '2021-07-31 03:05:35.000000', '2021-07-31 03:06:05.000000', NULL, NULL, 1, 'America', 'North_Dakota/Beulah', 'America/North_Dakota/Beulah'),
(158, '2021-07-31 03:05:35.000000', '2021-07-31 03:06:05.000000', NULL, NULL, 1, 'America', 'North_Dakota/Center', 'America/North_Dakota/Center'),
(159, '2021-07-31 03:05:35.000000', '2021-07-31 03:06:05.000000', NULL, NULL, 1, 'America', 'North_Dakota/New_Salem', 'America/North_Dakota/New_Salem'),
(160, '2021-07-31 03:05:35.000000', '2021-07-31 03:06:05.000000', NULL, NULL, 1, 'America', 'Ojinaga', 'America/Ojinaga'),
(161, '2021-07-31 03:05:35.000000', '2021-07-31 03:06:05.000000', NULL, NULL, 1, 'America', 'Panama', 'America/Panama'),
(162, '2021-07-31 03:05:35.000000', '2021-07-31 03:06:05.000000', NULL, NULL, 1, 'America', 'Pangnirtung', 'America/Pangnirtung'),
(163, '2021-07-31 03:05:35.000000', '2021-07-31 03:06:05.000000', NULL, NULL, 1, 'America', 'Paramaribo', 'America/Paramaribo'),
(164, '2021-07-31 03:05:35.000000', '2021-07-31 03:06:05.000000', NULL, NULL, 1, 'America', 'Phoenix', 'America/Phoenix'),
(165, '2021-07-31 03:05:35.000000', '2021-07-31 03:06:05.000000', NULL, NULL, 1, 'America', 'PortauPrince', 'America/PortauPrince'),
(166, '2021-07-31 03:05:35.000000', '2021-07-31 03:06:05.000000', NULL, NULL, 1, 'America', 'Port_of_Spain', 'America/Port_of_Spain'),
(167, '2021-07-31 03:05:35.000000', '2021-07-31 03:06:05.000000', NULL, NULL, 1, 'America', 'Porto_Velho', 'America/Porto_Velho'),
(168, '2021-07-31 03:05:35.000000', '2021-07-31 03:06:05.000000', NULL, NULL, 1, 'America', 'Puerto_Rico', 'America/Puerto_Rico'),
(169, '2021-07-31 03:05:35.000000', '2021-07-31 03:06:05.000000', NULL, NULL, 1, 'America', 'Punta_Arenas', 'America/Punta_Arenas'),
(170, '2021-07-31 03:05:35.000000', '2021-07-31 03:06:05.000000', NULL, NULL, 1, 'America', 'Rainy_River', 'America/Rainy_River'),
(171, '2021-07-31 03:05:35.000000', '2021-07-31 03:06:05.000000', NULL, NULL, 1, 'America', 'Rankin_Inlet', 'America/Rankin_Inlet'),
(172, '2021-07-31 03:05:35.000000', '2021-07-31 03:06:05.000000', NULL, NULL, 1, 'America', 'Recife', 'America/Recife'),
(173, '2021-07-31 03:05:35.000000', '2021-07-31 03:06:05.000000', NULL, NULL, 1, 'America', 'Regina', 'America/Regina'),
(174, '2021-07-31 03:05:35.000000', '2021-07-31 03:06:05.000000', NULL, NULL, 1, 'America', 'Resolute', 'America/Resolute'),
(175, '2021-07-31 03:05:35.000000', '2021-07-31 03:06:05.000000', NULL, NULL, 1, 'America', 'Rio_Branco', 'America/Rio_Branco'),
(176, '2021-07-31 03:05:35.000000', '2021-07-31 03:06:05.000000', NULL, NULL, 1, 'America', 'Santarem', 'America/Santarem'),
(177, '2021-07-31 03:05:35.000000', '2021-07-31 03:06:05.000000', NULL, NULL, 1, 'America', 'Santiago', 'America/Santiago'),
(178, '2021-07-31 03:05:35.000000', '2021-07-31 03:06:05.000000', NULL, NULL, 1, 'America', 'Santo_Domingo', 'America/Santo_Domingo'),
(179, '2021-07-31 03:05:35.000000', '2021-07-31 03:06:05.000000', NULL, NULL, 1, 'America', 'Sao_Paulo', 'America/Sao_Paulo'),
(180, '2021-07-31 03:05:35.000000', '2021-07-31 03:06:05.000000', NULL, NULL, 1, 'America', 'Scoresbysund', 'America/Scoresbysund'),
(181, '2021-07-31 03:05:35.000000', '2021-07-31 03:06:05.000000', NULL, NULL, 1, 'America', 'Sitka', 'America/Sitka'),
(182, '2021-07-31 03:05:35.000000', '2021-07-31 03:06:05.000000', NULL, NULL, 1, 'America', 'St_Barthelemy', 'America/St_Barthelemy'),
(183, '2021-07-31 03:05:35.000000', '2021-07-31 03:06:05.000000', NULL, NULL, 1, 'America', 'St_Johns', 'America/St_Johns'),
(184, '2021-07-31 03:05:35.000000', '2021-07-31 03:06:05.000000', NULL, NULL, 1, 'America', 'St_Kitts', 'America/St_Kitts'),
(185, '2021-07-31 03:05:35.000000', '2021-07-31 03:06:05.000000', NULL, NULL, 1, 'America', 'St_Lucia', 'America/St_Lucia'),
(186, '2021-07-31 03:05:35.000000', '2021-07-31 03:06:05.000000', NULL, NULL, 1, 'America', 'St_Thomas', 'America/St_Thomas'),
(187, '2021-07-31 03:05:35.000000', '2021-07-31 03:06:05.000000', NULL, NULL, 1, 'America', 'St_Vincent', 'America/St_Vincent'),
(188, '2021-07-31 03:05:35.000000', '2021-07-31 03:06:05.000000', NULL, NULL, 1, 'America', 'Swift_Current', 'America/Swift_Current'),
(189, '2021-07-31 03:05:35.000000', '2021-07-31 03:06:05.000000', NULL, NULL, 1, 'America', 'Tegucigalpa', 'America/Tegucigalpa'),
(190, '2021-07-31 03:05:35.000000', '2021-07-31 03:06:05.000000', NULL, NULL, 1, 'America', 'Thule', 'America/Thule'),
(191, '2021-07-31 03:05:35.000000', '2021-07-31 03:06:05.000000', NULL, NULL, 1, 'America', 'Thunder_Bay', 'America/Thunder_Bay'),
(192, '2021-07-31 03:05:35.000000', '2021-07-31 03:06:05.000000', NULL, NULL, 1, 'America', 'Tijuana', 'America/Tijuana'),
(193, '2021-07-31 03:05:35.000000', '2021-07-31 03:06:05.000000', NULL, NULL, 1, 'America', 'Toronto', 'America/Toronto'),
(194, '2021-07-31 03:05:35.000000', '2021-07-31 03:06:05.000000', NULL, NULL, 1, 'America', 'Tortola', 'America/Tortola'),
(195, '2021-07-31 03:05:35.000000', '2021-07-31 03:06:05.000000', NULL, NULL, 1, 'America', 'Vancouver', 'America/Vancouver'),
(196, '2021-07-31 03:05:35.000000', '2021-07-31 03:06:05.000000', NULL, NULL, 1, 'America', 'Whitehorse', 'America/Whitehorse'),
(197, '2021-07-31 03:05:35.000000', '2021-07-31 03:06:05.000000', NULL, NULL, 1, 'America', 'Winnipeg', 'America/Winnipeg'),
(198, '2021-07-31 03:05:35.000000', '2021-07-31 03:06:05.000000', NULL, NULL, 1, 'America', 'Yakutat', 'America/Yakutat'),
(199, '2021-07-31 03:05:35.000000', '2021-07-31 03:06:05.000000', NULL, NULL, 1, 'America', 'Yellowknife', 'America/Yellowknife'),
(200, '2021-07-31 03:05:35.000000', '2021-07-31 03:06:05.000000', NULL, NULL, 1, 'Antarctica', 'Casey', 'Antarctica/Casey'),
(201, '2021-07-31 03:05:35.000000', '2021-07-31 03:06:05.000000', NULL, NULL, 1, 'Antarctica', 'Davis', 'Antarctica/Davis'),
(202, '2021-07-31 03:05:35.000000', '2021-07-31 03:06:05.000000', NULL, NULL, 1, 'Antarctica', 'DumontDUrville', 'Antarctica/DumontDUrville'),
(203, '2021-07-31 03:05:35.000000', '2021-07-31 03:06:05.000000', NULL, NULL, 1, 'Antarctica', 'Macquarie', 'Antarctica/Macquarie'),
(204, '2021-07-31 03:05:35.000000', '2021-07-31 03:06:05.000000', NULL, NULL, 1, 'Antarctica', 'Mawson', 'Antarctica/Mawson'),
(205, '2021-07-31 03:05:35.000000', '2021-07-31 03:06:05.000000', NULL, NULL, 1, 'Antarctica', 'McMurdo', 'Antarctica/McMurdo'),
(206, '2021-07-31 03:05:35.000000', '2021-07-31 03:06:05.000000', NULL, NULL, 1, 'Antarctica', 'Palmer', 'Antarctica/Palmer'),
(207, '2021-07-31 03:05:35.000000', '2021-07-31 03:06:05.000000', NULL, NULL, 1, 'Antarctica', 'Rothera', 'Antarctica/Rothera'),
(208, '2021-07-31 03:05:35.000000', '2021-07-31 03:06:05.000000', NULL, NULL, 1, 'Antarctica', 'Syowa', 'Antarctica/Syowa'),
(209, '2021-07-31 03:05:35.000000', '2021-07-31 03:06:05.000000', NULL, NULL, 1, 'Antarctica', 'Troll', 'Antarctica/Troll'),
(210, '2021-07-31 03:05:35.000000', '2021-07-31 03:06:05.000000', NULL, NULL, 1, 'Antarctica', 'Vostok', 'Antarctica/Vostok'),
(211, '2021-07-31 03:05:35.000000', '2021-07-31 03:06:05.000000', NULL, NULL, 1, 'Arctic', 'Longyearbyen', 'Arctic/Longyearbyen'),
(212, '2021-07-31 03:05:35.000000', '2021-07-31 03:06:05.000000', NULL, NULL, 1, 'Asia', 'Aden', 'Asia/Aden'),
(213, '2021-07-31 03:05:35.000000', '2021-07-31 03:06:05.000000', NULL, NULL, 1, 'Asia', 'Almaty', 'Asia/Almaty'),
(214, '2021-07-31 03:05:35.000000', '2021-07-31 03:06:05.000000', NULL, NULL, 1, 'Asia', 'Amman', 'Asia/Amman'),
(215, '2021-07-31 03:05:35.000000', '2021-07-31 03:06:05.000000', NULL, NULL, 1, 'Asia', 'Anadyr', 'Asia/Anadyr'),
(216, '2021-07-31 03:05:35.000000', '2021-07-31 03:06:05.000000', NULL, NULL, 1, 'Asia', 'Aqtau', 'Asia/Aqtau'),
(217, '2021-07-31 03:05:35.000000', '2021-07-31 03:06:05.000000', NULL, NULL, 1, 'Asia', 'Aqtobe', 'Asia/Aqtobe'),
(218, '2021-07-31 03:05:35.000000', '2021-07-31 03:06:05.000000', NULL, NULL, 1, 'Asia', 'Ashgabat', 'Asia/Ashgabat'),
(219, '2021-07-31 03:05:35.000000', '2021-07-31 03:06:05.000000', NULL, NULL, 1, 'Asia', 'Atyrau', 'Asia/Atyrau'),
(220, '2021-07-31 03:05:35.000000', '2021-07-31 03:06:05.000000', NULL, NULL, 1, 'Asia', 'Baghdad', 'Asia/Baghdad'),
(221, '2021-07-31 03:05:35.000000', '2021-07-31 03:06:05.000000', NULL, NULL, 1, 'Asia', 'Bahrain', 'Asia/Bahrain'),
(222, '2021-07-31 03:05:35.000000', '2021-07-31 03:06:05.000000', NULL, NULL, 1, 'Asia', 'Baku', 'Asia/Baku'),
(223, '2021-07-31 03:05:35.000000', '2021-07-31 03:06:05.000000', NULL, NULL, 1, 'Asia', 'Bangkok', 'Asia/Bangkok'),
(224, '2021-07-31 03:05:35.000000', '2021-07-31 03:06:05.000000', NULL, NULL, 1, 'Asia', 'Barnaul', 'Asia/Barnaul'),
(225, '2021-07-31 03:05:35.000000', '2021-07-31 03:06:05.000000', NULL, NULL, 1, 'Asia', 'Beirut', 'Asia/Beirut'),
(226, '2021-07-31 03:05:35.000000', '2021-07-31 03:06:05.000000', NULL, NULL, 1, 'Asia', 'Bishkek', 'Asia/Bishkek'),
(227, '2021-07-31 03:05:35.000000', '2021-07-31 03:06:05.000000', NULL, NULL, 1, 'Asia', 'Brunei', 'Asia/Brunei'),
(228, '2021-07-31 03:05:35.000000', '2021-07-31 03:06:05.000000', NULL, NULL, 1, 'Asia', 'Chita', 'Asia/Chita'),
(229, '2021-07-31 03:05:35.000000', '2021-07-31 03:06:05.000000', NULL, NULL, 1, 'Asia', 'Choibalsan', 'Asia/Choibalsan'),
(230, '2021-07-31 03:05:35.000000', '2021-07-31 03:06:05.000000', NULL, NULL, 1, 'Asia', 'Colombo', 'Asia/Colombo'),
(231, '2021-07-31 03:05:35.000000', '2021-07-31 03:06:05.000000', NULL, NULL, 1, 'Asia', 'Damascus', 'Asia/Damascus'),
(232, '2021-07-31 03:05:35.000000', '2021-07-31 03:06:05.000000', NULL, NULL, 1, 'Asia', 'Dhaka', 'Asia/Dhaka'),
(233, '2021-07-31 03:05:35.000000', '2021-07-31 03:06:05.000000', NULL, NULL, 1, 'Asia', 'Dili', 'Asia/Dili'),
(234, '2021-07-31 03:05:35.000000', '2021-07-31 03:06:05.000000', NULL, NULL, 1, 'Asia', 'Dubai', 'Asia/Dubai'),
(235, '2021-07-31 03:05:35.000000', '2021-07-31 03:06:05.000000', NULL, NULL, 1, 'Asia', 'Dushanbe', 'Asia/Dushanbe'),
(236, '2021-07-31 03:05:35.000000', '2021-07-31 03:06:05.000000', NULL, NULL, 1, 'Asia', 'Famagusta', 'Asia/Famagusta'),
(237, '2021-07-31 03:05:35.000000', '2021-07-31 03:06:05.000000', NULL, NULL, 1, 'Asia', 'Gaza', 'Asia/Gaza'),
(238, '2021-07-31 03:05:35.000000', '2021-07-31 03:06:05.000000', NULL, NULL, 1, 'Asia', 'Hebron', 'Asia/Hebron'),
(239, '2021-07-31 03:05:35.000000', '2021-07-31 03:06:05.000000', NULL, NULL, 1, 'Asia', 'Ho_Chi_Minh', 'Asia/Ho_Chi_Minh'),
(240, '2021-07-31 03:05:35.000000', '2021-07-31 03:06:05.000000', NULL, NULL, 1, 'Asia', 'Hong_Kong', 'Asia/Hong_Kong'),
(241, '2021-07-31 03:05:35.000000', '2021-07-31 03:06:05.000000', NULL, NULL, 1, 'Asia', 'Hovd', 'Asia/Hovd'),
(242, '2021-07-31 03:05:35.000000', '2021-07-31 03:06:05.000000', NULL, NULL, 1, 'Asia', 'Irkutsk', 'Asia/Irkutsk'),
(243, '2021-07-31 03:05:35.000000', '2021-07-31 03:06:05.000000', NULL, NULL, 1, 'Asia', 'Jakarta', 'Asia/Jakarta'),
(244, '2021-07-31 03:05:35.000000', '2021-07-31 03:06:05.000000', NULL, NULL, 1, 'Asia', 'Jayapura', 'Asia/Jayapura'),
(245, '2021-07-31 03:05:35.000000', '2021-07-31 03:06:05.000000', NULL, NULL, 1, 'Asia', 'Jerusalem', 'Asia/Jerusalem'),
(246, '2021-07-31 03:05:35.000000', '2021-07-31 03:06:05.000000', NULL, NULL, 1, 'Asia', 'Kabul', 'Asia/Kabul'),
(247, '2021-07-31 03:05:35.000000', '2021-07-31 03:06:05.000000', NULL, NULL, 1, 'Asia', 'Kamchatka', 'Asia/Kamchatka'),
(248, '2021-07-31 03:05:35.000000', '2021-07-31 03:06:05.000000', NULL, NULL, 1, 'Asia', 'Karachi', 'Asia/Karachi'),
(249, '2021-07-31 03:05:35.000000', '2021-07-31 03:06:05.000000', NULL, NULL, 1, 'Asia', 'Kathmandu', 'Asia/Kathmandu'),
(250, '2021-07-31 03:05:35.000000', '2021-07-31 03:06:05.000000', NULL, NULL, 1, 'Asia', 'Khandyga', 'Asia/Khandyga'),
(251, '2021-07-31 03:05:35.000000', '2021-07-31 03:06:05.000000', NULL, NULL, 1, 'Asia', 'Kolkata', 'Asia/Kolkata'),
(252, '2021-07-31 03:05:35.000000', '2021-07-31 03:06:05.000000', NULL, NULL, 1, 'Asia', 'Krasnoyarsk', 'Asia/Krasnoyarsk'),
(253, '2021-07-31 03:05:35.000000', '2021-07-31 03:06:05.000000', NULL, NULL, 1, 'Asia', 'Kuala_Lumpur', 'Asia/Kuala_Lumpur'),
(254, '2021-07-31 03:05:35.000000', '2021-07-31 03:06:05.000000', NULL, NULL, 1, 'Asia', 'Kuching', 'Asia/Kuching'),
(255, '2021-07-31 03:05:35.000000', '2021-07-31 03:06:05.000000', NULL, NULL, 1, 'Asia', 'Kuwait', 'Asia/Kuwait'),
(256, '2021-07-31 03:05:35.000000', '2021-07-31 03:06:05.000000', NULL, NULL, 1, 'Asia', 'Macau', 'Asia/Macau'),
(257, '2021-07-31 03:05:35.000000', '2021-07-31 03:06:05.000000', NULL, NULL, 1, 'Asia', 'Magadan', 'Asia/Magadan'),
(258, '2021-07-31 03:05:35.000000', '2021-07-31 03:06:05.000000', NULL, NULL, 1, 'Asia', 'Makassar', 'Asia/Makassar'),
(259, '2021-07-31 03:05:35.000000', '2021-07-31 03:06:05.000000', NULL, NULL, 1, 'Asia', 'Manila', 'Asia/Manila'),
(260, '2021-07-31 03:05:35.000000', '2021-07-31 03:06:05.000000', NULL, NULL, 1, 'Asia', 'Muscat', 'Asia/Muscat'),
(261, '2021-07-31 03:05:35.000000', '2021-07-31 03:06:05.000000', NULL, NULL, 1, 'Asia', 'Nicosia', 'Asia/Nicosia'),
(262, '2021-07-31 03:05:35.000000', '2021-07-31 03:06:05.000000', NULL, NULL, 1, 'Asia', 'Novokuznetsk', 'Asia/Novokuznetsk'),
(263, '2021-07-31 03:05:35.000000', '2021-07-31 03:06:05.000000', NULL, NULL, 1, 'Asia', 'Novosibirsk', 'Asia/Novosibirsk'),
(264, '2021-07-31 03:05:35.000000', '2021-07-31 03:06:05.000000', NULL, NULL, 1, 'Asia', 'Omsk', 'Asia/Omsk'),
(265, '2021-07-31 03:05:35.000000', '2021-07-31 03:06:05.000000', NULL, NULL, 1, 'Asia', 'Oral', 'Asia/Oral'),
(266, '2021-07-31 03:05:35.000000', '2021-07-31 03:06:05.000000', NULL, NULL, 1, 'Asia', 'Phnom_Penh', 'Asia/Phnom_Penh'),
(267, '2021-07-31 03:05:35.000000', '2021-07-31 03:06:05.000000', NULL, NULL, 1, 'Asia', 'Pontianak', 'Asia/Pontianak'),
(268, '2021-07-31 03:05:35.000000', '2021-07-31 03:06:05.000000', NULL, NULL, 1, 'Asia', 'Pyongyang', 'Asia/Pyongyang'),
(269, '2021-07-31 03:05:35.000000', '2021-07-31 03:06:05.000000', NULL, NULL, 1, 'Asia', 'Qatar', 'Asia/Qatar'),
(270, '2021-07-31 03:05:35.000000', '2021-07-31 03:06:05.000000', NULL, NULL, 1, 'Asia', 'Qostanay', 'Asia/Qostanay'),
(271, '2021-07-31 03:05:35.000000', '2021-07-31 03:06:05.000000', NULL, NULL, 1, 'Asia', 'Qyzylorda', 'Asia/Qyzylorda'),
(272, '2021-07-31 03:05:35.000000', '2021-07-31 03:06:05.000000', NULL, NULL, 1, 'Asia', 'Riyadh', 'Asia/Riyadh'),
(273, '2021-07-31 03:05:35.000000', '2021-07-31 03:06:05.000000', NULL, NULL, 1, 'Asia', 'Sakhalin', 'Asia/Sakhalin'),
(274, '2021-07-31 03:05:35.000000', '2021-07-31 03:06:05.000000', NULL, NULL, 1, 'Asia', 'Samarkand', 'Asia/Samarkand'),
(275, '2021-07-31 03:05:35.000000', '2021-07-31 03:06:05.000000', NULL, NULL, 1, 'Asia', 'Seoul', 'Asia/Seoul'),
(276, '2021-07-31 03:05:35.000000', '2021-07-31 03:06:05.000000', NULL, NULL, 1, 'Asia', 'Shanghai', 'Asia/Shanghai'),
(277, '2021-07-31 03:05:35.000000', '2021-07-31 03:06:05.000000', NULL, NULL, 1, 'Asia', 'Singapore', 'Asia/Singapore'),
(278, '2021-07-31 03:05:35.000000', '2021-07-31 03:06:05.000000', NULL, NULL, 1, 'Asia', 'Srednekolymsk', 'Asia/Srednekolymsk'),
(279, '2021-07-31 03:05:35.000000', '2021-07-31 03:06:05.000000', NULL, NULL, 1, 'Asia', 'Taipei', 'Asia/Taipei'),
(280, '2021-07-31 03:05:35.000000', '2021-07-31 03:06:05.000000', NULL, NULL, 1, 'Asia', 'Tashkent', 'Asia/Tashkent'),
(281, '2021-07-31 03:05:35.000000', '2021-07-31 03:06:05.000000', NULL, NULL, 1, 'Asia', 'Tbilisi', 'Asia/Tbilisi'),
(282, '2021-07-31 03:05:35.000000', '2021-07-31 03:06:05.000000', NULL, NULL, 1, 'Asia', 'Tehran', 'Asia/Tehran'),
(283, '2021-07-31 03:05:35.000000', '2021-07-31 03:06:05.000000', NULL, NULL, 1, 'Asia', 'Thimphu', 'Asia/Thimphu'),
(284, '2021-07-31 03:05:35.000000', '2021-07-31 03:06:05.000000', NULL, NULL, 1, 'Asia', 'Tokyo', 'Asia/Tokyo'),
(285, '2021-07-31 03:05:35.000000', '2021-07-31 03:06:05.000000', NULL, NULL, 1, 'Asia', 'Tomsk', 'Asia/Tomsk'),
(286, '2021-07-31 03:05:35.000000', '2021-07-31 03:06:05.000000', NULL, NULL, 1, 'Asia', 'Ulaanbaatar', 'Asia/Ulaanbaatar'),
(287, '2021-07-31 03:05:35.000000', '2021-07-31 03:06:05.000000', NULL, NULL, 1, 'Asia', 'Urumqi', 'Asia/Urumqi'),
(288, '2021-07-31 03:05:35.000000', '2021-07-31 03:06:05.000000', NULL, NULL, 1, 'Asia', 'UstNera', 'Asia/UstNera'),
(289, '2021-07-31 03:05:35.000000', '2021-07-31 03:06:05.000000', NULL, NULL, 1, 'Asia', 'Vientiane', 'Asia/Vientiane'),
(290, '2021-07-31 03:05:35.000000', '2021-07-31 03:06:05.000000', NULL, NULL, 1, 'Asia', 'Vladivostok', 'Asia/Vladivostok'),
(291, '2021-07-31 03:05:35.000000', '2021-07-31 03:06:05.000000', NULL, NULL, 1, 'Asia', 'Yakutsk', 'Asia/Yakutsk'),
(292, '2021-07-31 03:05:35.000000', '2021-07-31 03:06:05.000000', NULL, NULL, 1, 'Asia', 'Yangon', 'Asia/Yangon'),
(293, '2021-07-31 03:05:35.000000', '2021-07-31 03:06:05.000000', NULL, NULL, 1, 'Asia', 'Yekaterinburg', 'Asia/Yekaterinburg'),
(294, '2021-07-31 03:05:35.000000', '2021-07-31 03:06:05.000000', NULL, NULL, 1, 'Asia', 'Yerevan', 'Asia/Yerevan'),
(295, '2021-07-31 03:05:35.000000', '2021-07-31 03:06:05.000000', NULL, NULL, 1, 'Atlantic', 'Azores', 'Atlantic/Azores'),
(296, '2021-07-31 03:05:35.000000', '2021-07-31 03:06:05.000000', NULL, NULL, 1, 'Atlantic', 'Bermuda', 'Atlantic/Bermuda'),
(297, '2021-07-31 03:05:35.000000', '2021-07-31 03:06:05.000000', NULL, NULL, 1, 'Atlantic', 'Canary', 'Atlantic/Canary'),
(298, '2021-07-31 03:05:35.000000', '2021-07-31 03:06:05.000000', NULL, NULL, 1, 'Atlantic', 'Cape_Verde', 'Atlantic/Cape_Verde'),
(299, '2021-07-31 03:05:35.000000', '2021-07-31 03:06:05.000000', NULL, NULL, 1, 'Atlantic', 'Faroe', 'Atlantic/Faroe'),
(300, '2021-07-31 03:05:35.000000', '2021-07-31 03:06:05.000000', NULL, NULL, 1, 'Atlantic', 'Madeira', 'Atlantic/Madeira'),
(301, '2021-07-31 03:05:35.000000', '2021-07-31 03:06:05.000000', NULL, NULL, 1, 'Atlantic', 'Reykjavik', 'Atlantic/Reykjavik'),
(302, '2021-07-31 03:05:35.000000', '2021-07-31 03:06:05.000000', NULL, NULL, 1, 'Atlantic', 'South_Georgia', 'Atlantic/South_Georgia'),
(303, '2021-07-31 03:05:35.000000', '2021-07-31 03:06:05.000000', NULL, NULL, 1, 'Atlantic', 'St_Helena', 'Atlantic/St_Helena'),
(304, '2021-07-31 03:05:35.000000', '2021-07-31 03:06:05.000000', NULL, NULL, 1, 'Atlantic', 'Stanley', 'Atlantic/Stanley'),
(305, '2021-07-31 03:05:35.000000', '2021-07-31 03:06:05.000000', NULL, NULL, 1, 'Australia', 'Adelaide', 'Australia/Adelaide'),
(306, '2021-07-31 03:05:35.000000', '2021-07-31 03:06:05.000000', NULL, NULL, 1, 'Australia', 'Brisbane', 'Australia/Brisbane'),
(307, '2021-07-31 03:05:35.000000', '2021-07-31 03:06:05.000000', NULL, NULL, 1, 'Australia', 'Broken_Hill', 'Australia/Broken_Hill'),
(308, '2021-07-31 03:05:35.000000', '2021-07-31 03:06:05.000000', NULL, NULL, 1, 'Australia', 'Currie', 'Australia/Currie'),
(309, '2021-07-31 03:05:35.000000', '2021-07-31 03:06:05.000000', NULL, NULL, 1, 'Australia', 'Darwin', 'Australia/Darwin'),
(310, '2021-07-31 03:05:35.000000', '2021-07-31 03:06:05.000000', NULL, NULL, 1, 'Australia', 'Eucla', 'Australia/Eucla'),
(311, '2021-07-31 03:05:35.000000', '2021-07-31 03:06:05.000000', NULL, NULL, 1, 'Australia', 'Hobart', 'Australia/Hobart'),
(312, '2021-07-31 03:05:35.000000', '2021-07-31 03:06:05.000000', NULL, NULL, 1, 'Australia', 'Lindeman', 'Australia/Lindeman'),
(313, '2021-07-31 03:05:35.000000', '2021-07-31 03:06:05.000000', NULL, NULL, 1, 'Australia', 'Lord_Howe', 'Australia/Lord_Howe'),
(314, '2021-07-31 03:05:35.000000', '2021-07-31 03:06:05.000000', NULL, NULL, 1, 'Australia', 'Melbourne', 'Australia/Melbourne'),
(315, '2021-07-31 03:05:35.000000', '2021-07-31 03:06:05.000000', NULL, NULL, 1, 'Australia', 'Perth', 'Australia/Perth'),
(316, '2021-07-31 03:05:35.000000', '2021-07-31 03:06:05.000000', NULL, NULL, 1, 'Australia', 'Sydney', 'Australia/Sydney'),
(317, '2021-07-31 03:05:35.000000', '2021-07-31 03:06:05.000000', NULL, NULL, 1, 'Europe', 'Amsterdam', 'Europe/Amsterdam'),
(318, '2021-07-31 03:05:35.000000', '2021-07-31 03:06:05.000000', NULL, NULL, 1, 'Europe', 'Andorra', 'Europe/Andorra'),
(319, '2021-07-31 03:05:35.000000', '2021-07-31 03:06:05.000000', NULL, NULL, 1, 'Europe', 'Astrakhan', 'Europe/Astrakhan'),
(320, '2021-07-31 03:05:35.000000', '2021-07-31 03:06:05.000000', NULL, NULL, 1, 'Europe', 'Athens', 'Europe/Athens'),
(321, '2021-07-31 03:05:35.000000', '2021-07-31 03:06:05.000000', NULL, NULL, 1, 'Europe', 'Belgrade', 'Europe/Belgrade'),
(322, '2021-07-31 03:05:35.000000', '2021-07-31 03:06:05.000000', NULL, NULL, 1, 'Europe', 'Berlin', 'Europe/Berlin'),
(323, '2021-07-31 03:05:35.000000', '2021-07-31 03:06:05.000000', NULL, NULL, 1, 'Europe', 'Bratislava', 'Europe/Bratislava'),
(324, '2021-07-31 03:05:35.000000', '2021-07-31 03:06:05.000000', NULL, NULL, 1, 'Europe', 'Brussels', 'Europe/Brussels'),
(325, '2021-07-31 03:05:35.000000', '2021-07-31 03:06:05.000000', NULL, NULL, 1, 'Europe', 'Bucharest', 'Europe/Bucharest'),
(326, '2021-07-31 03:05:35.000000', '2021-07-31 03:06:05.000000', NULL, NULL, 1, 'Europe', 'Budapest', 'Europe/Budapest'),
(327, '2021-07-31 03:05:35.000000', '2021-07-31 03:06:05.000000', NULL, NULL, 1, 'Europe', 'Busingen', 'Europe/Busingen'),
(328, '2021-07-31 03:05:35.000000', '2021-07-31 03:06:05.000000', NULL, NULL, 1, 'Europe', 'Chisinau', 'Europe/Chisinau'),
(329, '2021-07-31 03:05:35.000000', '2021-07-31 03:06:05.000000', NULL, NULL, 1, 'Europe', 'Copenhagen', 'Europe/Copenhagen'),
(330, '2021-07-31 03:05:35.000000', '2021-07-31 03:06:05.000000', NULL, NULL, 1, 'Europe', 'Dublin', 'Europe/Dublin'),
(331, '2021-07-31 03:05:35.000000', '2021-07-31 03:06:05.000000', NULL, NULL, 1, 'Europe', 'Gibraltar', 'Europe/Gibraltar'),
(332, '2021-07-31 03:05:35.000000', '2021-07-31 03:06:05.000000', NULL, NULL, 1, 'Europe', 'Guernsey', 'Europe/Guernsey'),
(333, '2021-07-31 03:05:35.000000', '2021-07-31 03:06:05.000000', NULL, NULL, 1, 'Europe', 'Helsinki', 'Europe/Helsinki'),
(334, '2021-07-31 03:05:35.000000', '2021-07-31 03:06:05.000000', NULL, NULL, 1, 'Europe', 'Isle_of_Man', 'Europe/Isle_of_Man'),
(335, '2021-07-31 03:05:35.000000', '2021-07-31 03:06:05.000000', NULL, NULL, 1, 'Europe', 'Istanbul', 'Europe/Istanbul'),
(336, '2021-07-31 03:05:35.000000', '2021-07-31 03:06:05.000000', NULL, NULL, 1, 'Europe', 'Jersey', 'Europe/Jersey'),
(337, '2021-07-31 03:05:35.000000', '2021-07-31 03:06:05.000000', NULL, NULL, 1, 'Europe', 'Kaliningrad', 'Europe/Kaliningrad'),
(338, '2021-07-31 03:05:35.000000', '2021-07-31 03:06:05.000000', NULL, NULL, 1, 'Europe', 'Kiev', 'Europe/Kiev'),
(339, '2021-07-31 03:05:35.000000', '2021-07-31 03:06:05.000000', NULL, NULL, 1, 'Europe', 'Kirov', 'Europe/Kirov'),
(340, '2021-07-31 03:05:35.000000', '2021-07-31 03:06:05.000000', NULL, NULL, 1, 'Europe', 'Lisbon', 'Europe/Lisbon'),
(341, '2021-07-31 03:05:35.000000', '2021-07-31 03:06:05.000000', NULL, NULL, 1, 'Europe', 'Ljubljana', 'Europe/Ljubljana'),
(342, '2021-07-31 03:05:35.000000', '2021-07-31 03:06:05.000000', NULL, NULL, 1, 'Europe', 'London', 'Europe/London'),
(343, '2021-07-31 03:05:35.000000', '2021-07-31 03:06:05.000000', NULL, NULL, 1, 'Europe', 'Luxembourg', 'Europe/Luxembourg'),
(344, '2021-07-31 03:05:35.000000', '2021-07-31 03:06:05.000000', NULL, NULL, 1, 'Europe', 'Madrid', 'Europe/Madrid'),
(345, '2021-07-31 03:05:35.000000', '2021-07-31 03:06:05.000000', NULL, NULL, 1, 'Europe', 'Malta', 'Europe/Malta'),
(346, '2021-07-31 03:05:35.000000', '2021-07-31 03:06:05.000000', NULL, NULL, 1, 'Europe', 'Mariehamn', 'Europe/Mariehamn'),
(347, '2021-07-31 03:05:35.000000', '2021-07-31 03:06:05.000000', NULL, NULL, 1, 'Europe', 'Minsk', 'Europe/Minsk'),
(348, '2021-07-31 03:05:35.000000', '2021-07-31 03:06:05.000000', NULL, NULL, 1, 'Europe', 'Monaco', 'Europe/Monaco'),
(349, '2021-07-31 03:05:35.000000', '2021-07-31 03:06:05.000000', NULL, NULL, 1, 'Europe', 'Moscow', 'Europe/Moscow'),
(350, '2021-07-31 03:05:35.000000', '2021-07-31 03:06:05.000000', NULL, NULL, 1, 'Europe', 'Oslo', 'Europe/Oslo'),
(351, '2021-07-31 03:05:35.000000', '2021-07-31 03:06:05.000000', NULL, NULL, 1, 'Europe', 'Paris', 'Europe/Paris'),
(352, '2021-07-31 03:05:35.000000', '2021-07-31 03:06:05.000000', NULL, NULL, 1, 'Europe', 'Podgorica', 'Europe/Podgorica'),
(353, '2021-07-31 03:05:35.000000', '2021-07-31 03:06:05.000000', NULL, NULL, 1, 'Europe', 'Prague', 'Europe/Prague'),
(354, '2021-07-31 03:05:35.000000', '2021-07-31 03:06:05.000000', NULL, NULL, 1, 'Europe', 'Riga', 'Europe/Riga'),
(355, '2021-07-31 03:05:35.000000', '2021-07-31 03:06:05.000000', NULL, NULL, 1, 'Europe', 'Rome', 'Europe/Rome'),
(356, '2021-07-31 03:05:35.000000', '2021-07-31 03:06:05.000000', NULL, NULL, 1, 'Europe', 'Samara', 'Europe/Samara'),
(357, '2021-07-31 03:05:35.000000', '2021-07-31 03:06:05.000000', NULL, NULL, 1, 'Europe', 'San_Marino', 'Europe/San_Marino'),
(358, '2021-07-31 03:05:35.000000', '2021-07-31 03:06:05.000000', NULL, NULL, 1, 'Europe', 'Sarajevo', 'Europe/Sarajevo'),
(359, '2021-07-31 03:05:35.000000', '2021-07-31 03:06:05.000000', NULL, NULL, 1, 'Europe', 'Saratov', 'Europe/Saratov'),
(360, '2021-07-31 03:05:35.000000', '2021-07-31 03:06:05.000000', NULL, NULL, 1, 'Europe', 'Simferopol', 'Europe/Simferopol'),
(361, '2021-07-31 03:05:35.000000', '2021-07-31 03:06:05.000000', NULL, NULL, 1, 'Europe', 'Skopje', 'Europe/Skopje'),
(362, '2021-07-31 03:05:35.000000', '2021-07-31 03:06:05.000000', NULL, NULL, 1, 'Europe', 'Sofia', 'Europe/Sofia'),
(363, '2021-07-31 03:05:35.000000', '2021-07-31 03:06:05.000000', NULL, NULL, 1, 'Europe', 'Stockholm', 'Europe/Stockholm'),
(364, '2021-07-31 03:05:35.000000', '2021-07-31 03:06:05.000000', NULL, NULL, 1, 'Europe', 'Tallinn', 'Europe/Tallinn'),
(365, '2021-07-31 03:05:35.000000', '2021-07-31 03:06:05.000000', NULL, NULL, 1, 'Europe', 'Tirane', 'Europe/Tirane'),
(366, '2021-07-31 03:05:35.000000', '2021-07-31 03:06:05.000000', NULL, NULL, 1, 'Europe', 'Ulyanovsk', 'Europe/Ulyanovsk'),
(367, '2021-07-31 03:05:35.000000', '2021-07-31 03:06:05.000000', NULL, NULL, 1, 'Europe', 'Uzhgorod', 'Europe/Uzhgorod'),
(368, '2021-07-31 03:05:35.000000', '2021-07-31 03:06:05.000000', NULL, NULL, 1, 'Europe', 'Vaduz', 'Europe/Vaduz'),
(369, '2021-07-31 03:05:35.000000', '2021-07-31 03:06:05.000000', NULL, NULL, 1, 'Europe', 'Vatican', 'Europe/Vatican'),
(370, '2021-07-31 03:05:35.000000', '2021-07-31 03:06:05.000000', NULL, NULL, 1, 'Europe', 'Vienna', 'Europe/Vienna'),
(371, '2021-07-31 03:05:35.000000', '2021-07-31 03:06:05.000000', NULL, NULL, 1, 'Europe', 'Vilnius', 'Europe/Vilnius'),
(372, '2021-07-31 03:05:35.000000', '2021-07-31 03:06:05.000000', NULL, NULL, 1, 'Europe', 'Volgograd', 'Europe/Volgograd'),
(373, '2021-07-31 03:05:35.000000', '2021-07-31 03:06:05.000000', NULL, NULL, 1, 'Europe', 'Warsaw', 'Europe/Warsaw'),
(374, '2021-07-31 03:05:35.000000', '2021-07-31 03:06:05.000000', NULL, NULL, 1, 'Europe', 'Zagreb', 'Europe/Zagreb'),
(375, '2021-07-31 03:05:35.000000', '2021-07-31 03:06:05.000000', NULL, NULL, 1, 'Europe', 'Zaporozhye', 'Europe/Zaporozhye'),
(376, '2021-07-31 03:05:35.000000', '2021-07-31 03:06:05.000000', NULL, NULL, 1, 'Europe', 'Zurich', 'Europe/Zurich'),
(377, '2021-07-31 03:05:35.000000', '2021-07-31 03:06:05.000000', NULL, NULL, 1, 'Indian', 'Antananarivo', 'Indian/Antananarivo'),
(378, '2021-07-31 03:05:35.000000', '2021-07-31 03:06:05.000000', NULL, NULL, 1, 'Indian', 'Chagos', 'Indian/Chagos'),
(379, '2021-07-31 03:05:35.000000', '2021-07-31 03:06:05.000000', NULL, NULL, 1, 'Indian', 'Christmas', 'Indian/Christmas'),
(380, '2021-07-31 03:05:35.000000', '2021-07-31 03:06:05.000000', NULL, NULL, 1, 'Indian', 'Cocos', 'Indian/Cocos'),
(381, '2021-07-31 03:05:35.000000', '2021-07-31 03:06:05.000000', NULL, NULL, 1, 'Indian', 'Comoro', 'Indian/Comoro'),
(382, '2021-07-31 03:05:35.000000', '2021-07-31 03:06:05.000000', NULL, NULL, 1, 'Indian', 'Kerguelen', 'Indian/Kerguelen'),
(383, '2021-07-31 03:05:35.000000', '2021-07-31 03:06:05.000000', NULL, NULL, 1, 'Indian', 'Mahe', 'Indian/Mahe'),
(384, '2021-07-31 03:05:35.000000', '2021-07-31 03:06:05.000000', NULL, NULL, 1, 'Indian', 'Maldives', 'Indian/Maldives'),
(385, '2021-07-31 03:05:35.000000', '2021-07-31 03:06:05.000000', NULL, NULL, 1, 'Indian', 'Mauritius', 'Indian/Mauritius'),
(386, '2021-07-31 03:05:35.000000', '2021-07-31 03:06:05.000000', NULL, NULL, 1, 'Indian', 'Mayotte', 'Indian/Mayotte'),
(387, '2021-07-31 03:05:35.000000', '2021-07-31 03:06:05.000000', NULL, NULL, 1, 'Indian', 'Reunion', 'Indian/Reunion'),
(388, '2021-07-31 03:05:35.000000', '2021-07-31 03:06:05.000000', NULL, NULL, 1, 'Pacific', 'Apia', 'Pacific/Apia'),
(389, '2021-07-31 03:05:35.000000', '2021-07-31 03:06:05.000000', NULL, NULL, 1, 'Pacific', 'Auckland', 'Pacific/Auckland'),
(390, '2021-07-31 03:05:35.000000', '2021-07-31 03:06:05.000000', NULL, NULL, 1, 'Pacific', 'Bougainville', 'Pacific/Bougainville'),
(391, '2021-07-31 03:05:35.000000', '2021-07-31 03:06:05.000000', NULL, NULL, 1, 'Pacific', 'Chatham', 'Pacific/Chatham'),
(392, '2021-07-31 03:05:35.000000', '2021-07-31 03:06:05.000000', NULL, NULL, 1, 'Pacific', 'Chuuk', 'Pacific/Chuuk'),
(393, '2021-07-31 03:05:35.000000', '2021-07-31 03:06:05.000000', NULL, NULL, 1, 'Pacific', 'Easter', 'Pacific/Easter'),
(394, '2021-07-31 03:05:35.000000', '2021-07-31 03:06:05.000000', NULL, NULL, 1, 'Pacific', 'Efate', 'Pacific/Efate'),
(395, '2021-07-31 03:05:35.000000', '2021-07-31 03:06:05.000000', NULL, NULL, 1, 'Pacific', 'Enderbury', 'Pacific/Enderbury'),
(396, '2021-07-31 03:05:35.000000', '2021-07-31 03:06:05.000000', NULL, NULL, 1, 'Pacific', 'Fakaofo', 'Pacific/Fakaofo'),
(397, '2021-07-31 03:05:35.000000', '2021-07-31 03:06:05.000000', NULL, NULL, 1, 'Pacific', 'Fiji', 'Pacific/Fiji'),
(398, '2021-07-31 03:05:35.000000', '2021-07-31 03:06:05.000000', NULL, NULL, 1, 'Pacific', 'Funafuti', 'Pacific/Funafuti'),
(399, '2021-07-31 03:05:35.000000', '2021-07-31 03:06:05.000000', NULL, NULL, 1, 'Pacific', 'Galapagos', 'Pacific/Galapagos'),
(400, '2021-07-31 03:05:35.000000', '2021-07-31 03:06:05.000000', NULL, NULL, 1, 'Pacific', 'Gambier', 'Pacific/Gambier'),
(401, '2021-07-31 03:05:35.000000', '2021-07-31 03:06:05.000000', NULL, NULL, 1, 'Pacific', 'Guadalcanal', 'Pacific/Guadalcanal'),
(402, '2021-07-31 03:05:35.000000', '2021-07-31 03:06:05.000000', NULL, NULL, 1, 'Pacific', 'Guam', 'Pacific/Guam'),
(403, '2021-07-31 03:05:35.000000', '2021-07-31 03:06:05.000000', NULL, NULL, 1, 'Pacific', 'Honolulu', 'Pacific/Honolulu'),
(404, '2021-07-31 03:05:35.000000', '2021-07-31 03:06:05.000000', NULL, NULL, 1, 'Pacific', 'Kiritimati', 'Pacific/Kiritimati'),
(405, '2021-07-31 03:05:35.000000', '2021-07-31 03:06:05.000000', NULL, NULL, 1, 'Pacific', 'Kosrae', 'Pacific/Kosrae'),
(406, '2021-07-31 03:05:35.000000', '2021-07-31 03:06:05.000000', NULL, NULL, 1, 'Pacific', 'Kwajalein', 'Pacific/Kwajalein'),
(407, '2021-07-31 03:05:35.000000', '2021-07-31 03:06:05.000000', NULL, NULL, 1, 'Pacific', 'Majuro', 'Pacific/Majuro'),
(408, '2021-07-31 03:05:35.000000', '2021-07-31 03:06:05.000000', NULL, NULL, 1, 'Pacific', 'Marquesas', 'Pacific/Marquesas'),
(409, '2021-07-31 03:05:35.000000', '2021-07-31 03:06:05.000000', NULL, NULL, 1, 'Pacific', 'Midway', 'Pacific/Midway');
INSERT INTO `_tz` (`_tz_id`, `_tz_new`, `_tz_edit`, `_tz_del`, `_tz_arch`, `_tz_active`, `_tz_region`, `_tz_city`, `_tz_value`) VALUES
(410, '2021-07-31 03:05:35.000000', '2021-07-31 03:06:05.000000', NULL, NULL, 1, 'Pacific', 'Nauru', 'Pacific/Nauru'),
(411, '2021-07-31 03:05:35.000000', '2021-07-31 03:06:05.000000', NULL, NULL, 1, 'Pacific', 'Niue', 'Pacific/Niue'),
(412, '2021-07-31 03:05:35.000000', '2021-07-31 03:06:05.000000', NULL, NULL, 1, 'Pacific', 'Norfolk', 'Pacific/Norfolk'),
(413, '2021-07-31 03:05:35.000000', '2021-07-31 03:06:05.000000', NULL, NULL, 1, 'Pacific', 'Noumea', 'Pacific/Noumea'),
(414, '2021-07-31 03:05:35.000000', '2021-07-31 03:06:05.000000', NULL, NULL, 1, 'Pacific', 'Pago_Pago', 'Pacific/Pago_Pago'),
(415, '2021-07-31 03:05:35.000000', '2021-07-31 03:06:05.000000', NULL, NULL, 1, 'Pacific', 'Palau', 'Pacific/Palau'),
(416, '2021-07-31 03:05:35.000000', '2021-07-31 03:06:05.000000', NULL, NULL, 1, 'Pacific', 'Pitcairn', 'Pacific/Pitcairn'),
(417, '2021-07-31 03:05:35.000000', '2021-07-31 03:06:05.000000', NULL, NULL, 1, 'Pacific', 'Pohnpei', 'Pacific/Pohnpei'),
(418, '2021-07-31 03:05:35.000000', '2021-07-31 03:06:05.000000', NULL, NULL, 1, 'Pacific', 'Port_Moresby', 'Pacific/Port_Moresby'),
(419, '2021-07-31 03:05:35.000000', '2021-07-31 03:06:05.000000', NULL, NULL, 1, 'Pacific', 'Rarotonga', 'Pacific/Rarotonga'),
(420, '2021-07-31 03:05:35.000000', '2021-07-31 03:06:05.000000', NULL, NULL, 1, 'Pacific', 'Saipan', 'Pacific/Saipan'),
(421, '2021-07-31 03:05:35.000000', '2021-07-31 03:06:05.000000', NULL, NULL, 1, 'Pacific', 'Tahiti', 'Pacific/Tahiti'),
(422, '2021-07-31 03:05:35.000000', '2021-07-31 03:06:05.000000', NULL, NULL, 1, 'Pacific', 'Tarawa', 'Pacific/Tarawa'),
(423, '2021-07-31 03:05:35.000000', '2021-07-31 03:06:05.000000', NULL, NULL, 1, 'Pacific', 'Tongatapu', 'Pacific/Tongatapu'),
(424, '2021-07-31 03:05:35.000000', '2021-07-31 03:06:05.000000', NULL, NULL, 1, 'Pacific', 'Wake', 'Pacific/Wake'),
(425, '2021-07-31 03:05:35.000000', '2021-07-31 03:06:05.000000', NULL, NULL, 1, 'Pacific', 'Wallis', 'Pacific/Wallis'),
(426, '2021-07-31 03:05:35.000000', '2021-07-31 03:06:05.000000', NULL, NULL, 1, 'UTC', 'GMT', 'UTC/GMT');

CREATE TABLE IF NOT EXISTS `_valid_field` (
  `_valid_field_id` int(11) NOT NULL AUTO_INCREMENT,
  `_valid_field_new` timestamp(6) NOT NULL DEFAULT current_timestamp(6) ON UPDATE current_timestamp(6),
  `_valid_field_edit` timestamp(6) NOT NULL DEFAULT current_timestamp(6) ON UPDATE current_timestamp(6),
  `_valid_field_del` timestamp(6) NULL DEFAULT NULL,
  `_valid_field_arch` timestamp(6) NULL DEFAULT NULL,
  `_valid_field_active` tinyint(1) DEFAULT 1,
  `fk__valid_form_id` int(11) DEFAULT NULL,
  `_valid_field_name` varchar(255) DEFAULT NULL,
  `_valid_field_input_id` varchar(255) DEFAULT NULL,
  `_valid_field_type` varchar(255) DEFAULT NULL COMMENT 'input type="[]"',
  `_valid_field_required` tinyint(1) DEFAULT 0,
  `_valid_field_src` varchar(255) DEFAULT NULL,
  `_valid_field_mask` varchar(255) DEFAULT NULL,
  `_valid_field_default_value` varchar(255) DEFAULT NULL,
  `_valid_field_min` varchar(255) DEFAULT NULL,
  `_valid_field_max` varchar(255) DEFAULT NULL,
  `_valid_field_format` varchar(255) DEFAULT NULL,
  `fk__valid_field_id` int(11) DEFAULT NULL COMMENT 'This validation rule only if this field exists and has the valid_field_if_value',
  `_valid_field_if_value` varchar(255) DEFAULT NULL,
  PRIMARY KEY (`_valid_field_id`),
  KEY `fk__valid_form_id` (`fk__valid_form_id`),
  KEY `fk__valid_field_id` (`fk__valid_field_id`)
) ENGINE=InnoDB AUTO_INCREMENT=314 DEFAULT CHARSET=utf8 COLLATE=utf8_unicode_520_nopad_ci;

INSERT INTO `_valid_field` (`_valid_field_id`, `_valid_field_new`, `_valid_field_edit`, `_valid_field_del`, `_valid_field_arch`, `_valid_field_active`, `fk__valid_form_id`, `_valid_field_name`, `_valid_field_input_id`, `_valid_field_type`, `_valid_field_required`, `_valid_field_src`, `_valid_field_mask`, `_valid_field_default_value`, `_valid_field_min`, `_valid_field_max`, `_valid_field_format`, `fk__valid_field_id`, `_valid_field_if_value`) VALUES
(1, '2024-09-01 04:53:26.827938', '2024-09-01 04:53:26.827938', NULL, NULL, 1, 1, '_admin_exclude_id', 'save__admin_exclude_form__admin_exclude_id', 'number', 0, NULL, NULL, NULL, NULL, '11', NULL, NULL, NULL),
(2, '2024-09-01 04:53:26.831225', '2024-09-01 04:53:26.831225', NULL, NULL, 1, 1, '_admin_exclude_new', 'save__admin_exclude_form__admin_exclude_new', 'datetime-local', 0, NULL, NULL, NULL, NULL, '6', NULL, NULL, NULL),
(3, '2024-09-01 04:53:26.836867', '2024-09-01 04:53:26.836867', NULL, NULL, 1, 1, '_admin_exclude_edit', 'save__admin_exclude_form__admin_exclude_edit', 'datetime-local', 0, NULL, NULL, NULL, NULL, '6', NULL, NULL, NULL),
(4, '2024-09-01 04:53:26.840023', '2024-09-01 04:53:26.840023', NULL, NULL, 1, 1, '_admin_exclude_del', 'save__admin_exclude_form__admin_exclude_del', 'datetime-local', 0, NULL, NULL, NULL, NULL, '6', NULL, NULL, NULL),
(5, '2024-09-01 04:53:26.842545', '2024-09-01 04:53:26.842545', NULL, NULL, 1, 1, '_admin_exclude_arch', 'save__admin_exclude_form__admin_exclude_arch', 'datetime-local', 0, NULL, NULL, NULL, NULL, '6', NULL, NULL, NULL),
(6, '2024-09-01 04:53:26.844399', '2024-09-01 04:53:26.844399', NULL, NULL, 1, 1, '_admin_exclude_active', 'save__admin_exclude_form__admin_exclude_active', 'number', 0, NULL, NULL, NULL, NULL, '1', NULL, NULL, NULL),
(7, '2024-09-01 04:53:26.845938', '2024-09-01 04:53:26.845938', NULL, NULL, 1, 1, '_admin_exclude_type', 'save__admin_exclude_form__admin_exclude_type', 'text', 0, NULL, NULL, NULL, NULL, '255', NULL, NULL, NULL),
(8, '2024-09-01 04:53:26.847618', '2024-09-01 04:53:26.847618', NULL, NULL, 1, 1, '_admin_exclude_value', 'save__admin_exclude_form__admin_exclude_value', 'text', 0, NULL, NULL, NULL, NULL, '255', NULL, NULL, NULL),
(9, '2024-09-01 04:53:26.893491', '2024-09-01 04:53:26.893491', NULL, NULL, 1, 2, '_admin_obj_id', 'save__admin_obj_form__admin_obj_id', 'number', 0, NULL, NULL, NULL, NULL, '11', NULL, NULL, NULL),
(10, '2024-09-01 04:53:26.897174', '2024-09-01 04:53:26.897174', NULL, NULL, 1, 2, '_admin_obj_new', 'save__admin_obj_form__admin_obj_new', 'datetime-local', 0, NULL, NULL, NULL, NULL, '6', NULL, NULL, NULL),
(11, '2024-09-01 04:53:26.900569', '2024-09-01 04:53:26.900569', NULL, NULL, 1, 2, '_admin_obj_edit', 'save__admin_obj_form__admin_obj_edit', 'datetime-local', 0, NULL, NULL, NULL, NULL, '6', NULL, NULL, NULL),
(12, '2024-09-01 04:53:26.903749', '2024-09-01 04:53:26.903749', NULL, NULL, 1, 2, '_admin_obj_del', 'save__admin_obj_form__admin_obj_del', 'datetime-local', 0, NULL, NULL, NULL, NULL, '6', NULL, NULL, NULL),
(13, '2024-09-01 04:53:26.906603', '2024-09-01 04:53:26.906603', NULL, NULL, 1, 2, '_admin_obj_arch', 'save__admin_obj_form__admin_obj_arch', 'datetime-local', 0, NULL, NULL, NULL, NULL, '6', NULL, NULL, NULL),
(14, '2024-09-01 04:53:26.909549', '2024-09-01 04:53:26.909549', NULL, NULL, 1, 2, '_admin_obj_active', 'save__admin_obj_form__admin_obj_active', 'number', 0, NULL, NULL, NULL, NULL, '1', NULL, NULL, NULL),
(15, '2024-09-01 04:53:26.912954', '2024-09-01 04:53:26.912954', NULL, NULL, 1, 2, '_admin_obj_name', 'save__admin_obj_form__admin_obj_name', 'text', 0, NULL, NULL, NULL, NULL, '255', NULL, NULL, NULL),
(16, '2024-09-01 04:53:26.916437', '2024-09-01 04:53:26.916437', NULL, NULL, 1, 2, '_admin_obj_table', 'save__admin_obj_form__admin_obj_table', 'text', 0, NULL, NULL, NULL, NULL, '255', NULL, NULL, NULL),
(17, '2024-09-01 04:53:26.919470', '2024-09-01 04:53:26.919470', NULL, NULL, 1, 2, '_admin_obj_obj', 'save__admin_obj_form__admin_obj_obj', 'number', 0, NULL, NULL, NULL, NULL, '1', NULL, NULL, NULL),
(18, '2024-09-01 04:53:26.921993', '2024-09-01 04:53:26.921993', NULL, NULL, 1, 2, '_admin_obj_ctlr', 'save__admin_obj_form__admin_obj_ctlr', 'number', 0, NULL, NULL, NULL, NULL, '1', NULL, NULL, NULL),
(19, '2024-09-01 04:53:26.924617', '2024-09-01 04:53:26.924617', NULL, NULL, 1, 2, '_admin_obj_page', 'save__admin_obj_form__admin_obj_page', 'number', 0, NULL, NULL, NULL, NULL, '1', NULL, NULL, NULL),
(20, '2024-09-01 04:53:26.926858', '2024-09-01 04:53:26.926858', NULL, NULL, 1, 2, '_admin_obj_perm', 'save__admin_obj_form__admin_obj_perm', 'number', 0, NULL, NULL, NULL, NULL, '1', NULL, NULL, NULL),
(21, '2024-09-01 04:53:26.928450', '2024-09-01 04:53:26.928450', NULL, NULL, 1, 2, '_admin_obj_role_perm', 'save__admin_obj_form__admin_obj_role_perm', 'number', 0, NULL, NULL, NULL, NULL, '1', NULL, NULL, NULL),
(22, '2024-09-01 04:53:26.930074', '2024-09-01 04:53:26.930074', NULL, NULL, 1, 2, '_admin_obj_save_modal', 'save__admin_obj_form__admin_obj_save_modal', 'number', 0, NULL, NULL, NULL, NULL, '1', NULL, NULL, NULL),
(23, '2024-09-01 04:53:26.931535', '2024-09-01 04:53:26.931535', NULL, NULL, 1, 2, '_admin_obj_valid_form', 'save__admin_obj_form__admin_obj_valid_form', 'number', 0, NULL, NULL, NULL, NULL, '1', NULL, NULL, NULL),
(24, '2024-09-01 04:53:27.019492', '2024-09-01 04:53:27.019492', NULL, NULL, 1, 3, '_cal_id', 'save__cal_form__cal_id', 'hidden', 0, NULL, NULL, NULL, NULL, '11', NULL, NULL, NULL),
(25, '2024-09-01 04:53:27.021551', '2024-09-01 04:53:27.021551', NULL, NULL, 1, 3, '_cal_active', 'save__cal_form__cal_active', 'number', 0, NULL, NULL, NULL, NULL, '1', NULL, NULL, NULL),
(26, '2024-09-01 04:53:27.023142', '2024-09-01 04:53:27.023142', NULL, NULL, 1, 3, '_cal_name', 'save__cal_form__cal_name', 'text', 0, NULL, NULL, NULL, NULL, '255', NULL, NULL, NULL),
(27, '2024-09-01 04:53:27.145128', '2024-09-01 04:53:27.145128', NULL, NULL, 1, 4, '_cal_ext_id', 'save__cal_ext_form__cal_ext_id', 'hidden', 0, NULL, NULL, NULL, NULL, '11', NULL, NULL, NULL),
(28, '2024-09-01 04:53:27.147325', '2024-09-01 04:53:27.147325', NULL, NULL, 1, 4, '_cal_ext_active', 'save__cal_ext_form__cal_ext_active', 'number', 0, NULL, NULL, NULL, NULL, '1', NULL, NULL, NULL),
(29, '2024-09-01 04:53:27.149391', '2024-09-01 04:53:27.149391', NULL, NULL, 1, 4, '_cal_ext_name', 'save__cal_ext_form__cal_ext_name', 'text', 0, NULL, NULL, NULL, NULL, '255', NULL, NULL, NULL),
(30, '2024-09-01 04:53:27.240917', '2024-09-01 04:53:27.240917', NULL, NULL, 1, 5, '_cal_follow_id', 'save__cal_follow_form__cal_follow_id', 'hidden', 0, NULL, NULL, NULL, NULL, '11', NULL, NULL, NULL),
(31, '2024-09-01 04:53:27.242739', '2024-09-01 04:53:27.242739', NULL, NULL, 1, 5, '_cal_follow_active', 'save__cal_follow_form__cal_follow_active', 'number', 0, NULL, NULL, NULL, NULL, '1', NULL, NULL, NULL),
(32, '2024-09-01 04:53:27.244411', '2024-09-01 04:53:27.244411', NULL, NULL, 1, 5, '_cal_follow_name', 'save__cal_follow_form__cal_follow_name', 'text', 0, NULL, NULL, NULL, NULL, '255', NULL, NULL, NULL),
(33, '2024-09-01 04:53:27.329546', '2024-09-01 04:53:27.329546', NULL, NULL, 1, 6, '_cal_item_id', 'save__cal_item_form__cal_item_id', 'hidden', 0, NULL, NULL, NULL, NULL, '11', NULL, NULL, NULL),
(34, '2024-09-01 04:53:27.331057', '2024-09-01 04:53:27.331057', NULL, NULL, 1, 6, '_cal_item_active', 'save__cal_item_form__cal_item_active', 'number', 0, NULL, NULL, NULL, NULL, '1', NULL, NULL, NULL),
(35, '2024-09-01 04:53:27.332459', '2024-09-01 04:53:27.332459', NULL, NULL, 1, 6, '_cal_item_name', 'save__cal_item_form__cal_item_name', 'text', 0, NULL, NULL, NULL, NULL, '255', NULL, NULL, NULL),
(36, '2024-09-01 04:53:27.436426', '2024-09-01 04:53:27.436426', NULL, NULL, 1, 7, '_cat_addr_id', 'save__cat_addr_form__cat_addr_id', 'hidden', 0, NULL, NULL, NULL, NULL, '11', NULL, NULL, NULL),
(37, '2024-09-01 04:53:27.438664', '2024-09-01 04:53:27.438664', NULL, NULL, 1, 7, '_cat_addr_active', 'save__cat_addr_form__cat_addr_active', 'number', 0, NULL, NULL, NULL, NULL, '1', NULL, NULL, NULL),
(38, '2024-09-01 04:53:27.440223', '2024-09-01 04:53:27.440223', NULL, NULL, 1, 7, '_cat_addr_order', 'save__cat_addr_form__cat_addr_order', 'number', 0, NULL, NULL, NULL, NULL, '6', NULL, NULL, NULL),
(39, '2024-09-01 04:53:27.441635', '2024-09-01 04:53:27.441635', NULL, NULL, 1, 7, '_cat_addr_name', 'save__cat_addr_form__cat_addr_name', 'text', 0, NULL, NULL, NULL, NULL, '255', NULL, NULL, NULL),
(40, '2024-09-01 04:53:27.511476', '2024-09-01 04:53:27.511476', NULL, NULL, 1, 8, '_cat_note_id', 'save__cat_note_form__cat_note_id', 'hidden', 0, NULL, NULL, NULL, NULL, '11', NULL, NULL, NULL),
(41, '2024-09-01 04:53:27.512973', '2024-09-01 04:53:27.512973', NULL, NULL, 1, 8, '_cat_note_active', 'save__cat_note_form__cat_note_active', 'number', 0, NULL, NULL, NULL, NULL, '1', NULL, NULL, NULL),
(42, '2024-09-01 04:53:27.514697', '2024-09-01 04:53:27.514697', NULL, NULL, 1, 8, '_cat_note_order', 'save__cat_note_form__cat_note_order', 'number', 0, NULL, NULL, NULL, NULL, '6', NULL, NULL, NULL),
(43, '2024-09-01 04:53:27.516141', '2024-09-01 04:53:27.516141', NULL, NULL, 1, 8, '_cat_note_name', 'save__cat_note_form__cat_note_name', 'text', 0, NULL, NULL, NULL, NULL, '255', NULL, NULL, NULL),
(44, '2024-09-01 04:53:27.628111', '2024-09-01 04:53:27.628111', NULL, NULL, 1, 9, '_cat_phone_id', 'save__cat_phone_form__cat_phone_id', 'hidden', 0, NULL, NULL, NULL, NULL, '11', NULL, NULL, NULL),
(45, '2024-09-01 04:53:27.631579', '2024-09-01 04:53:27.631579', NULL, NULL, 1, 9, '_cat_phone_active', 'save__cat_phone_form__cat_phone_active', 'number', 0, NULL, NULL, NULL, NULL, '1', NULL, NULL, NULL),
(46, '2024-09-01 04:53:27.635267', '2024-09-01 04:53:27.635267', NULL, NULL, 1, 9, '_cat_phone_order', 'save__cat_phone_form__cat_phone_order', 'number', 0, NULL, NULL, NULL, NULL, '6', NULL, NULL, NULL),
(47, '2024-09-01 04:53:27.638998', '2024-09-01 04:53:27.638998', NULL, NULL, 1, 9, '_cat_phone_name', 'save__cat_phone_form__cat_phone_name', 'text', 0, NULL, NULL, NULL, NULL, '255', NULL, NULL, NULL),
(48, '2024-09-01 04:53:27.728876', '2024-09-01 04:53:27.728876', NULL, NULL, 1, 10, '_co_id', 'save__co_form__co_id', 'hidden', 0, NULL, NULL, NULL, NULL, '11', NULL, NULL, NULL),
(49, '2024-09-01 04:53:27.730498', '2024-09-01 04:53:27.730498', NULL, NULL, 1, 10, '_co_active', 'save__co_form__co_active', 'number', 0, NULL, NULL, NULL, NULL, '1', NULL, NULL, NULL),
(50, '2024-09-01 04:53:27.732030', '2024-09-01 04:53:27.732030', NULL, NULL, 1, 10, 'fk__mem_id', 'save__co_form_fk__mem_id', 'select', 0, '/_mem/list', NULL, NULL, NULL, '11', NULL, NULL, NULL),
(51, '2024-09-01 04:53:27.733428', '2024-09-01 04:53:27.733428', NULL, NULL, 1, 10, 'fk__sub_plan', 'save__co_form_fk__sub_plan', 'number', 0, NULL, NULL, NULL, NULL, '11', NULL, NULL, NULL),
(52, '2024-09-01 04:53:27.734903', '2024-09-01 04:53:27.734903', NULL, NULL, 1, 10, '_co_name', 'save__co_form__co_name', 'text', 0, NULL, NULL, NULL, NULL, '255', NULL, NULL, NULL),
(53, '2024-09-01 04:53:27.736458', '2024-09-01 04:53:27.736458', NULL, NULL, 1, 10, '_co_domain', 'save__co_form__co_domain', 'text', 0, NULL, NULL, NULL, NULL, '255', NULL, NULL, NULL),
(54, '2024-09-01 04:53:27.738039', '2024-09-01 04:53:27.738039', NULL, NULL, 1, 10, '_co_ulid', 'save__co_form__co_ulid', 'text', 0, NULL, NULL, NULL, NULL, '255', NULL, NULL, NULL),
(55, '2024-09-01 04:53:27.739757', '2024-09-01 04:53:27.739757', NULL, NULL, 1, 10, '_co_setup', 'save__co_form__co_setup', 'number', 0, NULL, NULL, NULL, NULL, '1', NULL, NULL, NULL),
(56, '2024-09-01 04:53:27.741275', '2024-09-01 04:53:27.741275', NULL, NULL, 1, 10, '_co_configured', 'save__co_form__co_configured', 'number', 0, NULL, NULL, NULL, NULL, '1', NULL, NULL, NULL),
(57, '2024-09-01 04:53:27.812768', '2024-09-01 04:53:27.812768', NULL, NULL, 1, 11, '_co_mem_id', 'save__co_mem_form__co_mem_id', 'hidden', 0, NULL, NULL, NULL, NULL, '11', NULL, NULL, NULL),
(58, '2024-09-01 04:53:27.814434', '2024-09-01 04:53:27.814434', NULL, NULL, 1, 11, '_co_mem_active', 'save__co_mem_form__co_mem_active', 'number', 0, NULL, NULL, NULL, NULL, '1', NULL, NULL, NULL),
(59, '2024-09-01 04:53:27.816062', '2024-09-01 04:53:27.816062', NULL, NULL, 1, 11, 'fk__mem_id', 'save__co_mem_form_fk__mem_id', 'select', 0, '/_mem/list', NULL, NULL, NULL, '11', NULL, NULL, NULL),
(60, '2024-09-01 04:53:27.817640', '2024-09-01 04:53:27.817640', NULL, NULL, 1, 11, 'fk__role_id', 'save__co_mem_form_fk__role_id', 'select', 0, '/_role/list', NULL, NULL, NULL, '11', NULL, NULL, NULL),
(61, '2024-09-01 04:53:27.918045', '2024-09-01 04:53:27.918045', NULL, NULL, 1, 12, '_co_pref_id', 'save__co_pref_form__co_pref_id', 'hidden', 0, NULL, NULL, NULL, NULL, '11', NULL, NULL, NULL),
(62, '2024-09-01 04:53:27.920712', '2024-09-01 04:53:27.920712', NULL, NULL, 1, 12, '_co_pref_active', 'save__co_pref_form__co_pref_active', 'number', 0, NULL, NULL, NULL, NULL, '1', NULL, NULL, NULL),
(63, '2024-09-01 04:53:27.923979', '2024-09-01 04:53:27.923979', NULL, NULL, 1, 12, '_co_pref_key', 'save__co_pref_form__co_pref_key', 'text', 0, NULL, NULL, NULL, NULL, '255', NULL, NULL, NULL),
(64, '2024-09-01 04:53:27.926232', '2024-09-01 04:53:27.926232', NULL, NULL, 1, 12, '_co_pref_val', 'save__co_pref_form__co_pref_val', 'text', 0, NULL, NULL, NULL, NULL, NULL, NULL, NULL, NULL),
(65, '2024-09-01 04:53:28.012677', '2024-09-01 04:53:28.012677', NULL, NULL, 1, 13, '_co_sub_metric_id', 'save__co_sub_metric_form__co_sub_metric_id', 'hidden', 0, NULL, NULL, NULL, NULL, '11', NULL, NULL, NULL),
(66, '2024-09-01 04:53:28.014651', '2024-09-01 04:53:28.014651', NULL, NULL, 1, 13, '_co_sub_metric_active', 'save__co_sub_metric_form__co_sub_metric_active', 'number', 0, NULL, NULL, NULL, NULL, '1', NULL, NULL, NULL),
(67, '2024-09-01 04:53:28.016578', '2024-09-01 04:53:28.016578', NULL, NULL, 1, 13, 'fk__sub_plan_metric_id', 'save__co_sub_metric_form_fk__sub_plan_metric_id', 'select', 0, '/_sub_plan_metric/list', NULL, NULL, NULL, '11', NULL, NULL, NULL),
(68, '2024-09-01 04:53:28.018421', '2024-09-01 04:53:28.018421', NULL, NULL, 1, 13, '_co_sub_metric_count_curr', 'save__co_sub_metric_form__co_sub_metric_count_curr', 'number', 0, NULL, NULL, NULL, NULL, '11', NULL, NULL, NULL),
(69, '2024-09-01 04:53:28.021571', '2024-09-01 04:53:28.021571', NULL, NULL, 1, 13, '_co_sub_metric_count_over', 'save__co_sub_metric_form__co_sub_metric_count_over', 'number', 0, NULL, NULL, NULL, NULL, '11', NULL, NULL, NULL),
(70, '2024-09-01 04:53:28.024886', '2024-09-01 04:53:28.024886', NULL, NULL, 1, 13, '_co_sub_metric_total_price', 'save__co_sub_metric_form__co_sub_metric_total_price', 'text', 0, NULL, NULL, NULL, NULL, '72', NULL, NULL, NULL),
(71, '2024-09-01 04:53:28.026645', '2024-09-01 04:53:28.026645', NULL, NULL, 1, 13, '_co_sub_metric_ulid', 'save__co_sub_metric_form__co_sub_metric_ulid', 'text', 0, NULL, NULL, NULL, NULL, '32', NULL, NULL, NULL),
(72, '2024-09-01 04:53:28.120840', '2024-09-01 04:53:28.120840', NULL, NULL, 1, 14, '_co_sub_plan_id', 'save__co_sub_plan_form__co_sub_plan_id', 'hidden', 0, NULL, NULL, NULL, NULL, '11', NULL, NULL, NULL),
(73, '2024-09-01 04:53:28.123631', '2024-09-01 04:53:28.123631', NULL, NULL, 1, 14, '_co_sub_plan_active', 'save__co_sub_plan_form__co_sub_plan_active', 'number', 0, NULL, NULL, NULL, NULL, '1', NULL, NULL, NULL),
(74, '2024-09-01 04:53:28.125882', '2024-09-01 04:53:28.125882', NULL, NULL, 1, 14, 'fk__sub_plan_id', 'save__co_sub_plan_form_fk__sub_plan_id', 'select', 0, '/_sub_plan/list', NULL, NULL, NULL, '11', NULL, NULL, NULL),
(75, '2024-09-01 04:53:28.127718', '2024-09-01 04:53:28.127718', NULL, NULL, 1, 14, '_co_sub_plan_has_trial', 'save__co_sub_plan_form__co_sub_plan_has_trial', 'number', 0, NULL, NULL, NULL, NULL, '1', NULL, NULL, NULL),
(76, '2024-09-01 04:53:28.129713', '2024-09-01 04:53:28.129713', NULL, NULL, 1, 14, '_co_sub_plan_trial_end', 'save__co_sub_plan_form__co_sub_plan_trial_end', 'datetime-local', 0, NULL, NULL, NULL, NULL, NULL, NULL, NULL, NULL),
(77, '2024-09-01 04:53:28.131359', '2024-09-01 04:53:28.131359', NULL, NULL, 1, 14, '_co_sub_plan_total_price', 'save__co_sub_plan_form__co_sub_plan_total_price', 'text', 0, NULL, NULL, NULL, NULL, '72', NULL, NULL, NULL),
(78, '2024-09-01 04:53:28.133043', '2024-09-01 04:53:28.133043', NULL, NULL, 1, 14, '_co_sub_plan_date_last_bill', 'save__co_sub_plan_form__co_sub_plan_date_last_bill', 'datetime-local', 0, NULL, NULL, NULL, NULL, NULL, NULL, NULL, NULL),
(79, '2024-09-01 04:53:28.134787', '2024-09-01 04:53:28.134787', NULL, NULL, 1, 14, '_co_sub_plan_date_next_bill', 'save__co_sub_plan_form__co_sub_plan_date_next_bill', 'datetime-local', 0, NULL, NULL, NULL, NULL, NULL, NULL, NULL, NULL),
(80, '2024-09-01 04:53:28.136366', '2024-09-01 04:53:28.136366', NULL, NULL, 1, 14, '_co_sub_plan_ulid', 'save__co_sub_plan_form__co_sub_plan_ulid', 'text', 0, NULL, NULL, NULL, NULL, '32', NULL, NULL, NULL),
(81, '2024-09-01 04:53:28.195311', '2024-09-01 04:53:28.195311', NULL, NULL, 1, 15, '_config_id', 'save__config_form__config_id', 'hidden', 0, NULL, NULL, NULL, NULL, '11', NULL, NULL, NULL),
(82, '2024-09-01 04:53:28.196984', '2024-09-01 04:53:28.196984', NULL, NULL, 1, 15, '_config_active', 'save__config_form__config_active', 'number', 0, NULL, NULL, NULL, NULL, '1', NULL, NULL, NULL),
(83, '2024-09-01 04:53:28.198595', '2024-09-01 04:53:28.198595', NULL, NULL, 1, 15, '_config_name', 'save__config_form__config_name', 'text', 0, NULL, NULL, NULL, NULL, '255', NULL, NULL, NULL),
(84, '2024-09-01 04:53:28.200211', '2024-09-01 04:53:28.200211', NULL, NULL, 1, 15, '_config_desc', 'save__config_form__config_desc', 'text', 0, NULL, NULL, NULL, NULL, '255', NULL, NULL, NULL),
(85, '2024-09-01 04:53:28.201762', '2024-09-01 04:53:28.201762', NULL, NULL, 1, 15, '_config_table', 'save__config_form__config_table', 'text', 0, NULL, NULL, NULL, NULL, '255', NULL, NULL, NULL),
(86, '2024-09-01 04:53:28.203495', '2024-09-01 04:53:28.203495', NULL, NULL, 1, 15, '_config_link', 'save__config_form__config_link', 'text', 0, NULL, NULL, NULL, NULL, '255', NULL, NULL, NULL),
(87, '2024-09-01 04:53:28.285800', '2024-09-01 04:53:28.285800', NULL, NULL, 1, 16, '_country_id', 'save__country_form__country_id', 'hidden', 0, NULL, NULL, NULL, NULL, '11', NULL, NULL, NULL),
(88, '2024-09-01 04:53:28.287892', '2024-09-01 04:53:28.287892', NULL, NULL, 1, 16, '_country_active', 'save__country_form__country_active', 'number', 0, NULL, NULL, NULL, NULL, '1', NULL, NULL, NULL),
(89, '2024-09-01 04:53:28.289785', '2024-09-01 04:53:28.289785', NULL, NULL, 1, 16, '_country_name', 'save__country_form__country_name', 'text', 0, NULL, NULL, NULL, NULL, '100', NULL, NULL, NULL),
(90, '2024-09-01 04:53:28.291204', '2024-09-01 04:53:28.291204', NULL, NULL, 1, 16, '_country_abbrev', 'save__country_form__country_abbrev', 'text', 0, NULL, NULL, NULL, NULL, '2', NULL, NULL, NULL),
(91, '2024-09-01 04:53:28.292677', '2024-09-01 04:53:28.292677', NULL, NULL, 1, 16, '_country_display_order', 'save__country_form__country_display_order', 'number', 0, NULL, NULL, NULL, NULL, '6', NULL, NULL, NULL),
(92, '2024-09-01 04:53:28.380484', '2024-09-01 04:53:28.380484', NULL, NULL, 1, 17, '_doc_id', 'save__doc_form__doc_id', 'hidden', 0, NULL, NULL, NULL, NULL, '11', NULL, NULL, NULL),
(93, '2024-09-01 04:53:28.382114', '2024-09-01 04:53:28.382114', NULL, NULL, 1, 17, '_doc_active', 'save__doc_form__doc_active', 'number', 0, NULL, NULL, NULL, NULL, '1', NULL, NULL, NULL),
(94, '2024-09-01 04:53:28.383743', '2024-09-01 04:53:28.383743', NULL, NULL, 1, 17, 'fk__mem_id', 'save__doc_form_fk__mem_id', 'select', 0, '/_mem/list', NULL, NULL, NULL, '11', NULL, NULL, NULL),
(95, '2024-09-01 04:53:28.385440', '2024-09-01 04:53:28.385440', NULL, NULL, 1, 17, 'fk_uploader__mem_id', 'save__doc_form_fk_uploader__mem_id', 'select', 0, '/uploader__mem/list', NULL, NULL, NULL, '11', NULL, NULL, NULL),
(96, '2024-09-01 04:53:28.387653', '2024-09-01 04:53:28.387653', NULL, NULL, 1, 17, '_doc_name', 'save__doc_form__doc_name', 'text', 0, NULL, NULL, NULL, NULL, '255', NULL, NULL, NULL),
(97, '2024-09-01 04:53:28.388929', '2024-09-01 04:53:28.388929', NULL, NULL, 1, 17, '_doc_orig_name', 'save__doc_form__doc_orig_name', 'text', 0, NULL, NULL, NULL, NULL, '255', NULL, NULL, NULL),
(98, '2024-09-01 04:53:28.390712', '2024-09-01 04:53:28.390712', NULL, NULL, 1, 17, '_doc_type', 'save__doc_form__doc_type', 'text', 0, NULL, NULL, NULL, NULL, '255', NULL, NULL, NULL),
(99, '2024-09-01 04:53:28.392002', '2024-09-01 04:53:28.392002', NULL, NULL, 1, 17, '_doc_size', 'save__doc_form__doc_size', 'number', 0, NULL, NULL, NULL, NULL, '11', NULL, NULL, NULL),
(100, '2024-09-01 04:53:28.393483', '2024-09-01 04:53:28.393483', NULL, NULL, 1, 17, '_doc_s3_loc', 'save__doc_form__doc_s3_loc', 'text', 0, NULL, NULL, NULL, NULL, '255', NULL, NULL, NULL),
(101, '2024-09-01 04:53:28.394738', '2024-09-01 04:53:28.394738', NULL, NULL, 1, 17, '_doc_hash', 'save__doc_form__doc_hash', 'text', 0, NULL, NULL, NULL, NULL, '255', NULL, NULL, NULL),
(102, '2024-09-01 04:53:28.474118', '2024-09-01 04:53:28.474118', NULL, NULL, 1, 18, '_follow_id', 'save__follow_form__follow_id', 'hidden', 0, NULL, NULL, NULL, NULL, '11', NULL, NULL, NULL),
(103, '2024-09-01 04:53:28.477356', '2024-09-01 04:53:28.477356', NULL, NULL, 1, 18, '_follow_active', 'save__follow_form__follow_active', 'number', 0, NULL, NULL, NULL, NULL, '1', NULL, NULL, NULL),
(104, '2024-09-01 04:53:28.479916', '2024-09-01 04:53:28.479916', NULL, NULL, 1, 18, 'fk__mem_id', 'save__follow_form_fk__mem_id', 'select', 0, '/_mem/list', NULL, NULL, NULL, '11', NULL, NULL, NULL),
(105, '2024-09-01 04:53:28.482633', '2024-09-01 04:53:28.482633', NULL, NULL, 1, 18, '_follow_obj', 'save__follow_form__follow_obj', 'text', 0, NULL, NULL, NULL, NULL, '255', NULL, NULL, NULL),
(106, '2024-09-01 04:53:28.485320', '2024-09-01 04:53:28.485320', NULL, NULL, 1, 18, '_follow_obj_id', 'save__follow_form__follow_obj_id', 'number', 0, NULL, NULL, NULL, NULL, '11', NULL, NULL, NULL),
(107, '2024-09-01 04:53:28.573633', '2024-09-01 04:53:28.573633', NULL, NULL, 1, 19, '_lang_id', 'save__lang_form__lang_id', 'hidden', 0, NULL, NULL, NULL, NULL, '11', NULL, NULL, NULL),
(108, '2024-09-01 04:53:28.575523', '2024-09-01 04:53:28.575523', NULL, NULL, 1, 19, '_lang_active', 'save__lang_form__lang_active', 'number', 0, NULL, NULL, NULL, NULL, '1', NULL, NULL, NULL),
(109, '2024-09-01 04:53:28.577074', '2024-09-01 04:53:28.577074', NULL, NULL, 1, 19, '_lang_order', 'save__lang_form__lang_order', 'number', 0, NULL, NULL, NULL, NULL, '6', NULL, NULL, NULL),
(110, '2024-09-01 04:53:28.578624', '2024-09-01 04:53:28.578624', NULL, NULL, 1, 19, '_lang_name', 'save__lang_form__lang_name', 'text', 0, NULL, NULL, NULL, NULL, '255', NULL, NULL, NULL),
(111, '2024-09-01 04:53:28.580081', '2024-09-01 04:53:28.580081', NULL, NULL, 1, 19, '_lang_code', 'save__lang_form__lang_code', 'text', 0, NULL, NULL, NULL, NULL, '5', NULL, NULL, NULL),
(112, '2024-09-01 04:53:28.581635', '2024-09-01 04:53:28.581635', NULL, NULL, 1, 19, '_lang_default', 'save__lang_form__lang_default', 'number', 0, NULL, NULL, NULL, NULL, '1', NULL, NULL, NULL),
(113, '2024-09-01 04:53:28.583520', '2024-09-01 04:53:28.583520', NULL, NULL, 1, 19, '_lang_system', 'save__lang_form__lang_system', 'number', 0, NULL, NULL, NULL, NULL, '1', NULL, NULL, NULL),
(114, '2024-09-01 04:53:28.682556', '2024-09-01 04:53:28.682556', NULL, NULL, 1, 20, '_mem_id', 'save__mem_form__mem_id', 'hidden', 0, NULL, NULL, NULL, NULL, '11', NULL, NULL, NULL),
(115, '2024-09-01 04:53:28.685202', '2024-09-01 04:53:28.685202', NULL, NULL, 1, 20, '_mem_active', 'save__mem_form__mem_active', 'number', 0, NULL, NULL, NULL, NULL, '1', NULL, NULL, NULL),
(116, '2024-09-01 04:53:28.688572', '2024-09-01 04:53:28.688572', NULL, NULL, 1, 20, 'fk__doc_id', 'save__mem_form_fk__doc_id', 'select', 0, '/_doc/list', NULL, NULL, NULL, '11', NULL, NULL, NULL),
(117, '2024-09-01 04:53:28.693303', '2024-09-01 04:53:28.693303', NULL, NULL, 1, 20, '_mem_ulid', 'save__mem_form__mem_ulid', 'text', 0, NULL, NULL, NULL, NULL, '255', NULL, NULL, NULL),
(118, '2024-09-01 04:53:28.695486', '2024-09-01 04:53:28.695486', NULL, NULL, 1, 20, '_mem_code', 'save__mem_form__mem_code', 'text', 0, NULL, NULL, NULL, NULL, '255', NULL, NULL, NULL),
(119, '2024-09-01 04:53:28.697242', '2024-09-01 04:53:28.697242', NULL, NULL, 1, 20, '_mem_fname', 'save__mem_form__mem_fname', 'text', 0, NULL, NULL, NULL, NULL, '255', NULL, NULL, NULL),
(120, '2024-09-01 04:53:28.699058', '2024-09-01 04:53:28.699058', NULL, NULL, 1, 20, '_mem_mname', 'save__mem_form__mem_mname', 'text', 0, NULL, NULL, NULL, NULL, '255', NULL, NULL, NULL),
(121, '2024-09-01 04:53:28.700962', '2024-09-01 04:53:28.700962', NULL, NULL, 1, 20, '_mem_lname', 'save__mem_form__mem_lname', 'text', 0, NULL, NULL, NULL, NULL, '255', NULL, NULL, NULL),
(122, '2024-09-01 04:53:28.703234', '2024-09-01 04:53:28.703234', NULL, NULL, 1, 20, '_mem_name', 'save__mem_form__mem_name', 'text', 0, NULL, NULL, NULL, NULL, '255', NULL, NULL, NULL),
(123, '2024-09-01 04:53:28.705330', '2024-09-01 04:53:28.705330', NULL, NULL, 1, 20, '_mem_dob', 'save__mem_form__mem_dob', 'datetime-local', 0, NULL, NULL, NULL, NULL, NULL, NULL, NULL, NULL),
(124, '2024-09-01 04:53:28.706862', '2024-09-01 04:53:28.706862', NULL, NULL, 1, 20, '_mem_email', 'save__mem_form__mem_email', 'text', 0, NULL, NULL, NULL, NULL, '255', NULL, NULL, NULL),
(125, '2024-09-01 04:53:28.708383', '2024-09-01 04:53:28.708383', NULL, NULL, 1, 20, '_mem_email_verified', 'save__mem_form__mem_email_verified', 'number', 0, NULL, NULL, NULL, NULL, '1', NULL, NULL, NULL),
(126, '2024-09-01 04:53:28.709846', '2024-09-01 04:53:28.709846', NULL, NULL, 1, 20, '_mem_configured', 'save__mem_form__mem_configured', 'number', 0, NULL, NULL, NULL, NULL, '1', NULL, NULL, NULL),
(127, '2024-09-01 04:53:28.805173', '2024-09-01 04:53:28.805173', NULL, NULL, 1, 21, '_mem_addr_id', 'save__mem_addr_form__mem_addr_id', 'hidden', 0, NULL, NULL, NULL, NULL, '11', NULL, NULL, NULL),
(128, '2024-09-01 04:53:28.807545', '2024-09-01 04:53:28.807545', NULL, NULL, 1, 21, '_mem_addr_active', 'save__mem_addr_form__mem_addr_active', 'number', 0, NULL, NULL, NULL, NULL, '1', NULL, NULL, NULL),
(129, '2024-09-01 04:53:28.809012', '2024-09-01 04:53:28.809012', NULL, NULL, 1, 21, 'fk__mem_id', 'save__mem_addr_form_fk__mem_id', 'select', 0, '/_mem/list', NULL, NULL, NULL, '11', NULL, NULL, NULL),
(130, '2024-09-01 04:53:28.810844', '2024-09-01 04:53:28.810844', NULL, NULL, 1, 21, 'fk__state_id', 'save__mem_addr_form_fk__state_id', 'select', 0, '/_state/list', NULL, NULL, NULL, '11', NULL, NULL, NULL),
(131, '2024-09-01 04:53:28.813026', '2024-09-01 04:53:28.813026', NULL, NULL, 1, 21, 'fk__country_id', 'save__mem_addr_form_fk__country_id', 'select', 0, '/_country/list', NULL, NULL, NULL, '11', NULL, NULL, NULL),
(132, '2024-09-01 04:53:28.814842', '2024-09-01 04:53:28.814842', NULL, NULL, 1, 21, 'fk__cat_addr_id', 'save__mem_addr_form_fk__cat_addr_id', 'select', 0, '/_cat_addr/list', NULL, NULL, NULL, '11', NULL, NULL, NULL),
(133, '2024-09-01 04:53:28.816714', '2024-09-01 04:53:28.816714', NULL, NULL, 1, 21, '_mem_addr_street', 'save__mem_addr_form__mem_addr_street', 'text', 0, NULL, NULL, NULL, NULL, '255', NULL, NULL, NULL),
(134, '2024-09-01 04:53:28.819064', '2024-09-01 04:53:28.819064', NULL, NULL, 1, 21, '_mem_addr_street_two', 'save__mem_addr_form__mem_addr_street_two', 'text', 0, NULL, NULL, NULL, NULL, '255', NULL, NULL, NULL),
(135, '2024-09-01 04:53:28.820915', '2024-09-01 04:53:28.820915', NULL, NULL, 1, 21, '_mem_addr_apt_name', 'save__mem_addr_form__mem_addr_apt_name', 'text', 0, NULL, NULL, NULL, NULL, '255', NULL, NULL, NULL),
(136, '2024-09-01 04:53:28.822596', '2024-09-01 04:53:28.822596', NULL, NULL, 1, 21, '_mem_addr_city', 'save__mem_addr_form__mem_addr_city', 'text', 0, NULL, NULL, NULL, NULL, '255', NULL, NULL, NULL),
(137, '2024-09-01 04:53:28.824230', '2024-09-01 04:53:28.824230', NULL, NULL, 1, 21, '_mem_addr_postal', 'save__mem_addr_form__mem_addr_postal', 'text', 0, NULL, NULL, NULL, NULL, '255', NULL, NULL, NULL),
(138, '2024-09-01 04:53:28.825608', '2024-09-01 04:53:28.825608', NULL, NULL, 1, 21, '_mem_addr_owned', 'save__mem_addr_form__mem_addr_owned', 'number', 0, NULL, NULL, NULL, NULL, '1', NULL, NULL, NULL),
(139, '2024-09-01 04:53:28.827047', '2024-09-01 04:53:28.827047', NULL, NULL, 1, 21, '_mem_addr_rented', 'save__mem_addr_form__mem_addr_rented', 'number', 0, NULL, NULL, NULL, NULL, '1', NULL, NULL, NULL),
(140, '2024-09-01 04:53:28.828428', '2024-09-01 04:53:28.828428', NULL, NULL, 1, 21, '_mem_addr_start', 'save__mem_addr_form__mem_addr_start', 'datetime-local', 0, NULL, NULL, NULL, NULL, NULL, NULL, NULL, NULL),
(141, '2024-09-01 04:53:28.829843', '2024-09-01 04:53:28.829843', NULL, NULL, 1, 21, '_mem_addr_end', 'save__mem_addr_form__mem_addr_end', 'datetime-local', 0, NULL, NULL, NULL, NULL, NULL, NULL, NULL, NULL),
(142, '2024-09-01 04:53:28.831292', '2024-09-01 04:53:28.831292', NULL, NULL, 1, 21, '_mem_addr_current', 'save__mem_addr_form__mem_addr_current', 'number', 0, NULL, NULL, NULL, NULL, '1', NULL, NULL, NULL),
(143, '2024-09-01 04:53:28.832659', '2024-09-01 04:53:28.832659', NULL, NULL, 1, 21, '_mem_addr_renewal', 'save__mem_addr_form__mem_addr_renewal', 'datetime-local', 0, NULL, NULL, NULL, NULL, NULL, NULL, NULL, NULL),
(144, '2024-09-01 04:53:28.835497', '2024-09-01 04:53:28.835497', NULL, NULL, 1, 21, '_mem_addr_duration', 'save__mem_addr_form__mem_addr_duration', 'number', 0, NULL, NULL, NULL, NULL, '6', NULL, NULL, NULL),
(145, '2024-09-01 04:53:28.838081', '2024-09-01 04:53:28.838081', NULL, NULL, 1, 21, '_mem_addr_homeless', 'save__mem_addr_form__mem_addr_homeless', 'number', 0, NULL, NULL, NULL, NULL, '1', NULL, NULL, NULL),
(146, '2024-09-01 04:53:28.839987', '2024-09-01 04:53:28.839987', NULL, NULL, 1, 21, '_mem_addr_protect', 'save__mem_addr_form__mem_addr_protect', 'number', 0, NULL, NULL, NULL, NULL, '1', NULL, NULL, NULL),
(147, '2024-09-01 04:53:28.977933', '2024-09-01 04:53:28.977933', NULL, NULL, 1, 22, '_mem_phone_id', 'save__mem_phone_form__mem_phone_id', 'hidden', 0, NULL, NULL, NULL, NULL, '11', NULL, NULL, NULL),
(148, '2024-09-01 04:53:28.979932', '2024-09-01 04:53:28.979932', NULL, NULL, 1, 22, '_mem_phone_active', 'save__mem_phone_form__mem_phone_active', 'number', 0, NULL, NULL, NULL, NULL, '1', NULL, NULL, NULL),
(149, '2024-09-01 04:53:28.981980', '2024-09-01 04:53:28.981980', NULL, NULL, 1, 22, 'fk__mem_id', 'save__mem_phone_form_fk__mem_id', 'select', 0, '/_mem/list', NULL, NULL, NULL, '11', NULL, NULL, NULL),
(150, '2024-09-01 04:53:28.984640', '2024-09-01 04:53:28.984640', NULL, NULL, 1, 22, 'fk__cat_phone_id', 'save__mem_phone_form_fk__cat_phone_id', 'select', 0, '/_cat_phone/list', NULL, NULL, NULL, '11', NULL, NULL, NULL),
(151, '2024-09-01 04:53:28.986544', '2024-09-01 04:53:28.986544', NULL, NULL, 1, 22, '_mem_phone_number', 'save__mem_phone_form__mem_phone_number', 'text', 0, NULL, NULL, NULL, NULL, '255', NULL, NULL, NULL),
(152, '2024-09-01 04:53:28.988980', '2024-09-01 04:53:28.988980', NULL, NULL, 1, 22, '_mem_phone_verified', 'save__mem_phone_form__mem_phone_verified', 'number', 0, NULL, NULL, NULL, NULL, '1', NULL, NULL, NULL),
(153, '2024-09-01 04:53:28.990898', '2024-09-01 04:53:28.990898', NULL, NULL, 1, 22, '_mem_phone_verify_code', 'save__mem_phone_form__mem_phone_verify_code', 'text', 0, NULL, NULL, NULL, NULL, '255', NULL, NULL, NULL),
(154, '2024-09-01 04:53:29.067799', '2024-09-01 04:53:29.067799', NULL, NULL, 1, 23, '_mem_pref_id', 'save__mem_pref_form__mem_pref_id', 'hidden', 0, NULL, NULL, NULL, NULL, '11', NULL, NULL, NULL),
(155, '2024-09-01 04:53:29.069639', '2024-09-01 04:53:29.069639', NULL, NULL, 1, 23, '_mem_pref_active', 'save__mem_pref_form__mem_pref_active', 'number', 0, NULL, NULL, NULL, NULL, '1', NULL, NULL, NULL),
(156, '2024-09-01 04:53:29.071565', '2024-09-01 04:53:29.071565', NULL, NULL, 1, 23, 'fk__mem_id', 'save__mem_pref_form_fk__mem_id', 'select', 0, '/_mem/list', NULL, NULL, NULL, '11', NULL, NULL, NULL),
(157, '2024-09-01 04:53:29.073141', '2024-09-01 04:53:29.073141', NULL, NULL, 1, 23, '_mem_pref_path', 'save__mem_pref_form__mem_pref_path', 'text', 0, NULL, NULL, NULL, NULL, '255', NULL, NULL, NULL),
(158, '2024-09-01 04:53:29.074618', '2024-09-01 04:53:29.074618', NULL, NULL, 1, 23, '_mem_pref_group', 'save__mem_pref_form__mem_pref_group', 'text', 0, NULL, NULL, NULL, NULL, '255', NULL, NULL, NULL),
(159, '2024-09-01 04:53:29.076044', '2024-09-01 04:53:29.076044', NULL, NULL, 1, 23, '_mem_pref_value', 'save__mem_pref_form__mem_pref_value', 'text', 0, NULL, NULL, NULL, NULL, '255', NULL, NULL, NULL),
(160, '2024-09-01 04:53:29.218376', '2024-09-01 04:53:29.218376', NULL, NULL, 1, 24, '_menu_item_id', 'save__menu_item_form__menu_item_id', 'hidden', 0, NULL, NULL, NULL, NULL, '11', NULL, NULL, NULL),
(161, '2024-09-01 04:53:29.221281', '2024-09-01 04:53:29.221281', NULL, NULL, 1, 24, '_menu_item_active', 'save__menu_item_form__menu_item_active', 'number', 0, NULL, NULL, NULL, NULL, '1', NULL, NULL, NULL),
(162, '2024-09-01 04:53:29.223445', '2024-09-01 04:53:29.223445', NULL, NULL, 1, 24, '_menu_item_name', 'save__menu_item_form__menu_item_name', 'text', 0, NULL, NULL, NULL, NULL, '255', NULL, NULL, NULL),
(163, '2024-09-01 04:53:29.225134', '2024-09-01 04:53:29.225134', NULL, NULL, 1, 24, '_menu_item_desc', 'save__menu_item_form__menu_item_desc', 'text', 0, NULL, NULL, NULL, NULL, '255', NULL, NULL, NULL),
(164, '2024-09-01 04:53:29.226585', '2024-09-01 04:53:29.226585', NULL, NULL, 1, 24, '_menu_item_href', 'save__menu_item_form__menu_item_href', 'text', 0, NULL, NULL, NULL, NULL, '255', NULL, NULL, NULL),
(165, '2024-09-01 04:53:29.227798', '2024-09-01 04:53:29.227798', NULL, NULL, 1, 24, '_menu_item_click', 'save__menu_item_form__menu_item_click', 'text', 0, NULL, NULL, NULL, NULL, '255', NULL, NULL, NULL),
(166, '2024-09-01 04:53:29.228990', '2024-09-01 04:53:29.228990', NULL, NULL, 1, 24, '_menu_item_target', 'save__menu_item_form__menu_item_target', 'text', 0, NULL, NULL, NULL, NULL, '255', NULL, NULL, NULL),
(167, '2024-09-01 04:53:29.230364', '2024-09-01 04:53:29.230364', NULL, NULL, 1, 24, '_menu_item_toggle', 'save__menu_item_form__menu_item_toggle', 'text', 0, NULL, NULL, NULL, NULL, '255', NULL, NULL, NULL),
(168, '2024-09-01 04:53:29.231781', '2024-09-01 04:53:29.231781', NULL, NULL, 1, 24, '_menu_item_icon', 'save__menu_item_form__menu_item_icon', 'text', 0, NULL, NULL, NULL, NULL, '255', NULL, NULL, NULL),
(169, '2024-09-01 04:53:29.233227', '2024-09-01 04:53:29.233227', NULL, NULL, 1, 24, '_menu_item_public', 'save__menu_item_form__menu_item_public', 'number', 0, NULL, NULL, NULL, NULL, '1', NULL, NULL, NULL),
(170, '2024-09-01 04:53:29.330923', '2024-09-01 04:53:29.330923', NULL, NULL, 1, 25, '_module_id', 'save__module_form__module_id', 'hidden', 0, NULL, NULL, NULL, NULL, '11', NULL, NULL, NULL),
(171, '2024-09-01 04:53:29.333141', '2024-09-01 04:53:29.333141', NULL, NULL, 1, 25, '_module_active', 'save__module_form__module_active', 'number', 0, NULL, NULL, NULL, NULL, '1', NULL, NULL, NULL),
(172, '2024-09-01 04:53:29.335852', '2024-09-01 04:53:29.335852', NULL, NULL, 1, 25, '_module_name', 'save__module_form__module_name', 'text', 0, NULL, NULL, NULL, NULL, '255', NULL, NULL, NULL),
(173, '2024-09-01 04:53:29.338956', '2024-09-01 04:53:29.338956', NULL, NULL, 1, 25, '_module_desc', 'save__module_form__module_desc', 'text', 0, NULL, NULL, NULL, NULL, '255', NULL, NULL, NULL),
(174, '2024-09-01 04:53:29.341584', '2024-09-01 04:53:29.341584', NULL, NULL, 1, 25, '_module_type', 'save__module_form__module_type', 'text', 0, NULL, NULL, NULL, NULL, '255', NULL, NULL, NULL),
(175, '2024-09-01 04:53:29.343384', '2024-09-01 04:53:29.343384', NULL, NULL, 1, 25, '_module_default', 'save__module_form__module_default', 'number', 0, NULL, NULL, NULL, NULL, '1', NULL, NULL, NULL),
(176, '2024-09-01 04:53:29.346109', '2024-09-01 04:53:29.346109', NULL, NULL, 1, 25, '_module_display_order', 'save__module_form__module_display_order', 'number', 0, NULL, NULL, NULL, NULL, '6', NULL, NULL, NULL),
(177, '2024-09-01 04:53:29.460866', '2024-09-01 04:53:29.460866', NULL, NULL, 1, 26, '_module__mem_id', 'save__module__mem_form__module__mem_id', 'hidden', 0, NULL, NULL, NULL, NULL, '11', NULL, NULL, NULL),
(178, '2024-09-01 04:53:29.462969', '2024-09-01 04:53:29.462969', NULL, NULL, 1, 26, '_module__mem_active', 'save__module__mem_form__module__mem_active', 'number', 0, NULL, NULL, NULL, NULL, '1', NULL, NULL, NULL),
(179, '2024-09-01 04:53:29.464777', '2024-09-01 04:53:29.464777', NULL, NULL, 1, 26, 'fk__module_id', 'save__module__mem_form_fk__module_id', 'select', 0, '/_module/list', NULL, NULL, NULL, '11', NULL, NULL, NULL),
(180, '2024-09-01 04:53:29.467046', '2024-09-01 04:53:29.467046', NULL, NULL, 1, 26, 'fk__mem_id', 'save__module__mem_form_fk__mem_id', 'select', 0, '/_mem/list', NULL, NULL, NULL, '11', NULL, NULL, NULL),
(181, '2024-09-01 04:53:29.468512', '2024-09-01 04:53:29.468512', NULL, NULL, 1, 26, 'fk__role_id', 'save__module__mem_form_fk__role_id', 'select', 0, '/_role/list', NULL, NULL, NULL, '11', NULL, NULL, NULL),
(182, '2024-09-01 04:53:29.470311', '2024-09-01 04:53:29.470311', NULL, NULL, 1, 26, '_module__mem_uuid', 'save__module__mem_form__module__mem_uuid', 'text', 0, NULL, NULL, NULL, NULL, '32', NULL, NULL, NULL),
(183, '2024-09-01 04:53:29.472296', '2024-09-01 04:53:29.472296', NULL, NULL, 1, 26, '_module__mem_ulid', 'save__module__mem_form__module__mem_ulid', 'text', 0, NULL, NULL, NULL, NULL, '32', NULL, NULL, NULL),
(184, '2024-09-01 04:53:29.526609', '2024-09-01 04:53:29.526609', NULL, NULL, 1, 27, '_module_perm_id', 'save__module_perm_form__module_perm_id', 'hidden', 0, NULL, NULL, NULL, NULL, '11', NULL, NULL, NULL),
(185, '2024-09-01 04:53:29.536948', '2024-09-01 04:53:29.536948', NULL, NULL, 1, 27, '_module_perm_active', 'save__module_perm_form__module_perm_active', 'number', 0, NULL, NULL, NULL, NULL, '1', NULL, NULL, NULL),
(186, '2024-09-01 04:53:29.540900', '2024-09-01 04:53:29.540900', NULL, NULL, 1, 27, 'fk__module_id', 'save__module_perm_form_fk__module_id', 'select', 0, '/_module/list', NULL, NULL, NULL, '11', NULL, NULL, NULL),
(187, '2024-09-01 04:53:29.544196', '2024-09-01 04:53:29.544196', NULL, NULL, 1, 27, 'fk__perm_id', 'save__module_perm_form_fk__perm_id', 'select', 0, '/_perm/list', NULL, NULL, NULL, '11', NULL, NULL, NULL),
(188, '2024-09-01 04:53:29.627459', '2024-09-01 04:53:29.627459', NULL, NULL, 1, 28, '_note_id', 'save__note_form__note_id', 'hidden', 0, NULL, NULL, NULL, NULL, '11', NULL, NULL, NULL),
(189, '2024-09-01 04:53:29.629758', '2024-09-01 04:53:29.629758', NULL, NULL, 1, 28, '_note_active', 'save__note_form__note_active', 'number', 0, NULL, NULL, NULL, NULL, '1', NULL, NULL, NULL),
(190, '2024-09-01 04:53:29.632078', '2024-09-01 04:53:29.632078', NULL, NULL, 1, 28, 'fk__mem_id', 'save__note_form_fk__mem_id', 'select', 0, '/_mem/list', NULL, NULL, NULL, '11', NULL, NULL, NULL),
(191, '2024-09-01 04:53:29.633644', '2024-09-01 04:53:29.633644', NULL, NULL, 1, 28, 'fk__cat_note_id', 'save__note_form_fk__cat_note_id', 'select', 0, '/_cat_note/list', NULL, NULL, NULL, '11', NULL, NULL, NULL),
(192, '2024-09-01 04:53:29.635308', '2024-09-01 04:53:29.635308', NULL, NULL, 1, 28, 'fk__note_id', 'save__note_form_fk__note_id', 'select', 0, '/_note/list', NULL, NULL, NULL, '11', NULL, NULL, NULL),
(193, '2024-09-01 04:53:29.637282', '2024-09-01 04:53:29.637282', NULL, NULL, 1, 28, '_note_edited', 'save__note_form__note_edited', 'number', 0, NULL, NULL, NULL, NULL, '1', NULL, NULL, NULL),
(194, '2024-09-01 04:53:29.638956', '2024-09-01 04:53:29.638956', NULL, NULL, 1, 28, '_note_effective_date', 'save__note_form__note_effective_date', 'datetime-local', 0, NULL, NULL, NULL, NULL, '6', NULL, NULL, NULL),
(195, '2024-09-01 04:53:29.640603', '2024-09-01 04:53:29.640603', NULL, NULL, 1, 28, '_note_text', 'save__note_form__note_text', 'text', 0, NULL, NULL, NULL, NULL, NULL, NULL, NULL, NULL),
(196, '2024-09-01 04:53:29.642105', '2024-09-01 04:53:29.642105', NULL, NULL, 1, 28, '_note_obj', 'save__note_form__note_obj', 'text', 0, NULL, NULL, NULL, NULL, '255', NULL, NULL, NULL),
(197, '2024-09-01 04:53:29.643573', '2024-09-01 04:53:29.643573', NULL, NULL, 1, 28, '_note_obj_id', 'save__note_form__note_obj_id', 'number', 0, NULL, NULL, NULL, NULL, '11', NULL, NULL, NULL),
(198, '2024-09-01 04:53:29.723957', '2024-09-01 04:53:29.723957', NULL, NULL, 1, 29, '_notif_id', 'save__notif_form__notif_id', 'hidden', 0, NULL, NULL, NULL, NULL, '11', NULL, NULL, NULL),
(199, '2024-09-01 04:53:29.726110', '2024-09-01 04:53:29.726110', NULL, NULL, 1, 29, '_notif_active', 'save__notif_form__notif_active', 'number', 0, NULL, NULL, NULL, NULL, '1', NULL, NULL, NULL),
(200, '2024-09-01 04:53:29.727853', '2024-09-01 04:53:29.727853', NULL, NULL, 1, 29, 'fk__mem_id', 'save__notif_form_fk__mem_id', 'select', 0, '/_mem/list', NULL, NULL, NULL, '11', NULL, NULL, NULL),
(201, '2024-09-01 04:53:29.732693', '2024-09-01 04:53:29.732693', NULL, NULL, 1, 29, '_notif_text', 'save__notif_form__notif_text', 'text', 0, NULL, NULL, NULL, NULL, NULL, NULL, NULL, NULL),
(202, '2024-09-01 04:53:29.843575', '2024-09-01 04:53:29.843575', NULL, NULL, 1, 30, '_notif_signal_id', 'save__notif_signal_form__notif_signal_id', 'hidden', 0, NULL, NULL, NULL, NULL, '11', NULL, NULL, NULL),
(203, '2024-09-01 04:53:29.845899', '2024-09-01 04:53:29.845899', NULL, NULL, 1, 30, '_notif_signal_active', 'save__notif_signal_form__notif_signal_active', 'number', 0, NULL, NULL, NULL, NULL, '1', NULL, NULL, NULL),
(204, '2024-09-01 04:53:29.847823', '2024-09-01 04:53:29.847823', NULL, NULL, 1, 30, 'fk__signal_id', 'save__notif_signal_form_fk__signal_id', 'select', 0, '/_signal/list', NULL, NULL, NULL, '11', NULL, NULL, NULL),
(205, '2024-09-01 04:53:29.850176', '2024-09-01 04:53:29.850176', NULL, NULL, 1, 30, 'fk__notif_id', 'save__notif_signal_form_fk__notif_id', 'select', 0, '/_notif/list', NULL, NULL, NULL, '11', NULL, NULL, NULL),
(206, '2024-09-01 04:53:29.944495', '2024-09-01 04:53:29.944495', NULL, NULL, 1, 31, '_perm_id', 'save__perm_form__perm_id', 'hidden', 0, NULL, NULL, NULL, NULL, '11', NULL, NULL, NULL),
(207, '2024-09-01 04:53:29.946921', '2024-09-01 04:53:29.946921', NULL, NULL, 1, 31, '_perm_active', 'save__perm_form__perm_active', 'number', 0, NULL, NULL, NULL, NULL, '1', NULL, NULL, NULL),
(208, '2024-09-01 04:53:29.949374', '2024-09-01 04:53:29.949374', NULL, NULL, 1, 31, '_perm_protected', 'save__perm_form__perm_protected', 'number', 0, NULL, NULL, NULL, NULL, '1', NULL, NULL, NULL),
(209, '2024-09-01 04:53:29.952382', '2024-09-01 04:53:29.952382', NULL, NULL, 1, 31, '_perm_role_type', 'save__perm_form__perm_role_type', 'text', 0, NULL, NULL, NULL, NULL, '255', NULL, NULL, NULL),
(210, '2024-09-01 04:53:29.955113', '2024-09-01 04:53:29.955113', NULL, NULL, 1, 31, '_perm_name', 'save__perm_form__perm_name', 'text', 0, NULL, NULL, NULL, NULL, '255', NULL, NULL, NULL),
(211, '2024-09-01 04:53:29.956817', '2024-09-01 04:53:29.956817', NULL, NULL, 1, 31, '_perm_path', 'save__perm_form__perm_path', 'text', 0, NULL, NULL, NULL, NULL, '255', NULL, NULL, NULL),
(212, '2024-09-01 04:53:29.958727', '2024-09-01 04:53:29.958727', NULL, NULL, 1, 31, '_perm_desc', 'save__perm_form__perm_desc', 'text', 0, NULL, NULL, NULL, NULL, '255', NULL, NULL, NULL),
(213, '2024-09-01 04:53:30.064697', '2024-09-01 04:53:30.064697', NULL, NULL, 1, 32, '_perm_menu_item_id', 'save__perm_menu_item_form__perm_menu_item_id', 'hidden', 0, NULL, NULL, NULL, NULL, '11', NULL, NULL, NULL),
(214, '2024-09-01 04:53:30.067559', '2024-09-01 04:53:30.067559', NULL, NULL, 1, 32, '_perm_menu_item_active', 'save__perm_menu_item_form__perm_menu_item_active', 'number', 0, NULL, NULL, NULL, NULL, '1', NULL, NULL, NULL),
(215, '2024-09-01 04:53:30.069819', '2024-09-01 04:53:30.069819', NULL, NULL, 1, 32, 'fk__perm_id', 'save__perm_menu_item_form_fk__perm_id', 'select', 0, '/_perm/list', NULL, NULL, NULL, '11', NULL, NULL, NULL),
(216, '2024-09-01 04:53:30.072682', '2024-09-01 04:53:30.072682', NULL, NULL, 1, 32, 'fk__menu_item_id', 'save__perm_menu_item_form_fk__menu_item_id', 'select', 0, '/_menu_item/list', NULL, NULL, NULL, '11', NULL, NULL, NULL),
(217, '2024-09-01 04:53:30.075082', '2024-09-01 04:53:30.075082', NULL, NULL, 1, 32, '_perm_menu_item_disp_order', 'save__perm_menu_item_form__perm_menu_item_disp_order', 'number', 0, NULL, NULL, NULL, NULL, '6', NULL, NULL, NULL),
(218, '2024-09-01 04:53:30.177367', '2024-09-01 04:53:30.177367', NULL, NULL, 1, 33, '_public_path_id', 'save__public_path_form__public_path_id', 'hidden', 0, NULL, NULL, NULL, NULL, '11', NULL, NULL, NULL),
(219, '2024-09-01 04:53:30.180126', '2024-09-01 04:53:30.180126', NULL, NULL, 1, 33, '_public_path_active', 'save__public_path_form__public_path_active', 'number', 0, NULL, NULL, NULL, NULL, '1', NULL, NULL, NULL),
(220, '2024-09-01 04:53:30.182025', '2024-09-01 04:53:30.182025', NULL, NULL, 1, 33, '_public_path', 'save__public_path_form__public_path', 'text', 0, NULL, NULL, NULL, NULL, '255', NULL, NULL, NULL),
(221, '2024-09-01 04:53:30.298248', '2024-09-01 04:53:30.298248', NULL, NULL, 1, 34, '_role_id', 'save__role_form__role_id', 'hidden', 0, NULL, NULL, NULL, NULL, '11', NULL, NULL, NULL),
(222, '2024-09-01 04:53:30.300079', '2024-09-01 04:53:30.300079', NULL, NULL, 1, 34, '_role_active', 'save__role_form__role_active', 'number', 0, NULL, NULL, NULL, NULL, '1', NULL, NULL, NULL),
(223, '2024-09-01 04:53:30.302240', '2024-09-01 04:53:30.302240', NULL, NULL, 1, 34, '_role_default', 'save__role_form__role_default', 'number', 0, NULL, NULL, NULL, NULL, '1', NULL, NULL, NULL),
(224, '2024-09-01 04:53:30.304806', '2024-09-01 04:53:30.304806', NULL, NULL, 1, 34, '_role_name', 'save__role_form__role_name', 'text', 0, NULL, NULL, NULL, NULL, '255', NULL, NULL, NULL),
(225, '2024-09-01 04:53:30.306541', '2024-09-01 04:53:30.306541', NULL, NULL, 1, 34, '_role_desc', 'save__role_form__role_desc', 'text', 0, NULL, NULL, NULL, NULL, '255', NULL, NULL, NULL),
(226, '2024-09-01 04:53:30.308279', '2024-09-01 04:53:30.308279', NULL, NULL, 1, 34, '_role_type', 'save__role_form__role_type', 'text', 0, NULL, NULL, NULL, NULL, '255', NULL, NULL, NULL),
(227, '2024-09-01 04:53:30.419247', '2024-09-01 04:53:30.419247', NULL, NULL, 1, 35, '_role_perm_id', 'save__role_perm_form__role_perm_id', 'hidden', 0, NULL, NULL, NULL, NULL, '11', NULL, NULL, NULL),
(228, '2024-09-01 04:53:30.421546', '2024-09-01 04:53:30.421546', NULL, NULL, 1, 35, '_role_perm_active', 'save__role_perm_form__role_perm_active', 'number', 0, NULL, NULL, NULL, NULL, '1', NULL, NULL, NULL),
(229, '2024-09-01 04:53:30.423304', '2024-09-01 04:53:30.423304', NULL, NULL, 1, 35, 'fk__role_id', 'save__role_perm_form_fk__role_id', 'select', 0, '/_role/list', NULL, NULL, NULL, '11', NULL, NULL, NULL),
(230, '2024-09-01 04:53:30.425046', '2024-09-01 04:53:30.425046', NULL, NULL, 1, 35, 'fk__perm_id', 'save__role_perm_form_fk__perm_id', 'select', 0, '/_perm/list', NULL, NULL, NULL, '11', NULL, NULL, NULL),
(231, '2024-09-01 04:53:30.535405', '2024-09-01 04:53:30.535405', NULL, NULL, 1, 36, '_setting_id', 'save__setting_form__setting_id', 'hidden', 0, NULL, NULL, NULL, NULL, '11', NULL, NULL, NULL),
(232, '2024-09-01 04:53:30.538761', '2024-09-01 04:53:30.538761', NULL, NULL, 1, 36, '_setting_active', 'save__setting_form__setting_active', 'number', 0, NULL, NULL, NULL, NULL, '1', NULL, NULL, NULL),
(233, '2024-09-01 04:53:30.542023', '2024-09-01 04:53:30.542023', NULL, NULL, 1, 36, '_setting_key', 'save__setting_form__setting_key', 'text', 0, NULL, NULL, NULL, NULL, '255', NULL, NULL, NULL),
(234, '2024-09-01 04:53:30.545455', '2024-09-01 04:53:30.545455', NULL, NULL, 1, 36, '_setting_value', 'save__setting_form__setting_value', 'text', 0, NULL, NULL, NULL, NULL, '255', NULL, NULL, NULL),
(235, '2024-09-01 04:53:30.658078', '2024-09-01 04:53:30.658078', NULL, NULL, 1, 37, '_state_id', 'save__state_form__state_id', 'hidden', 0, NULL, NULL, NULL, NULL, '11', NULL, NULL, NULL),
(236, '2024-09-01 04:53:30.661005', '2024-09-01 04:53:30.661005', NULL, NULL, 1, 37, '_state_active', 'save__state_form__state_active', 'number', 0, NULL, NULL, NULL, NULL, '1', NULL, NULL, NULL),
(237, '2024-09-01 04:53:30.662940', '2024-09-01 04:53:30.662940', NULL, NULL, 1, 37, '_state_name', 'save__state_form__state_name', 'text', 0, NULL, NULL, NULL, NULL, '50', NULL, NULL, NULL),
(238, '2024-09-01 04:53:30.664758', '2024-09-01 04:53:30.664758', NULL, NULL, 1, 37, '_state_abbrev', 'save__state_form__state_abbrev', 'text', 0, NULL, NULL, NULL, NULL, '2', NULL, NULL, NULL),
(239, '2024-09-01 04:53:30.666643', '2024-09-01 04:53:30.666643', NULL, NULL, 1, 37, 'fk__country_id', 'save__state_form_fk__country_id', 'select', 0, '/_country/list', NULL, NULL, NULL, '11', NULL, NULL, NULL),
(240, '2024-09-01 04:53:30.668714', '2024-09-01 04:53:30.668714', NULL, NULL, 1, 37, '_state_display_order', 'save__state_form__state_display_order', 'number', 0, NULL, NULL, NULL, NULL, '6', NULL, NULL, NULL),
(241, '2024-09-01 04:53:30.748600', '2024-09-01 04:53:30.748600', NULL, NULL, 1, 38, '_sub_plan_id', 'save__sub_plan_form__sub_plan_id', 'hidden', 0, NULL, NULL, NULL, NULL, '11', NULL, NULL, NULL),
(242, '2024-09-01 04:53:30.751237', '2024-09-01 04:53:30.751237', NULL, NULL, 1, 38, '_sub_plan_active', 'save__sub_plan_form__sub_plan_active', 'number', 0, NULL, NULL, NULL, NULL, '1', NULL, NULL, NULL),
(243, '2024-09-01 04:53:30.754912', '2024-09-01 04:53:30.754912', NULL, NULL, 1, 38, '_sub_plan_has_trial', 'save__sub_plan_form__sub_plan_has_trial', 'number', 0, NULL, NULL, NULL, NULL, '1', NULL, NULL, NULL),
(244, '2024-09-01 04:53:30.758639', '2024-09-01 04:53:30.758639', NULL, NULL, 1, 38, '_sub_plan_trial_duration', 'save__sub_plan_form__sub_plan_trial_duration', 'number', 0, NULL, NULL, NULL, NULL, '11', NULL, NULL, NULL),
(245, '2024-09-01 04:53:30.760775', '2024-09-01 04:53:30.760775', NULL, NULL, 1, 38, '_sub_plan_mth_price', 'save__sub_plan_form__sub_plan_mth_price', 'text', 0, NULL, NULL, NULL, NULL, '72', NULL, NULL, NULL);
INSERT INTO `_valid_field` (`_valid_field_id`, `_valid_field_new`, `_valid_field_edit`, `_valid_field_del`, `_valid_field_arch`, `_valid_field_active`, `fk__valid_form_id`, `_valid_field_name`, `_valid_field_input_id`, `_valid_field_type`, `_valid_field_required`, `_valid_field_src`, `_valid_field_mask`, `_valid_field_default_value`, `_valid_field_min`, `_valid_field_max`, `_valid_field_format`, `fk__valid_field_id`, `_valid_field_if_value`) VALUES
(246, '2024-09-01 04:53:30.762419', '2024-09-01 04:53:30.762419', NULL, NULL, 1, 38, '_sub_plan_yr_price', 'save__sub_plan_form__sub_plan_yr_price', 'text', 0, NULL, NULL, NULL, NULL, '72', NULL, NULL, NULL),
(247, '2024-09-01 04:53:30.763960', '2024-09-01 04:53:30.763960', NULL, NULL, 1, 38, '_sub_plan_name', 'save__sub_plan_form__sub_plan_name', 'text', 0, NULL, NULL, NULL, NULL, '255', NULL, NULL, NULL),
(248, '2024-09-01 04:53:30.765463', '2024-09-01 04:53:30.765463', NULL, NULL, 1, 38, '_sub_plan_desc', 'save__sub_plan_form__sub_plan_desc', 'text', 0, NULL, NULL, NULL, NULL, NULL, NULL, NULL, NULL),
(249, '2024-09-01 04:53:30.766951', '2024-09-01 04:53:30.766951', NULL, NULL, 1, 38, '_sub_plan_ulid', 'save__sub_plan_form__sub_plan_ulid', 'text', 0, NULL, NULL, NULL, NULL, '32', NULL, NULL, NULL),
(250, '2024-09-01 04:53:30.791965', '2024-09-01 04:53:30.791965', NULL, NULL, 1, 39, '_sub_plan_metric_id', 'save__sub_plan_metric_form__sub_plan_metric_id', 'hidden', 0, NULL, NULL, NULL, NULL, '11', NULL, NULL, NULL),
(251, '2024-09-01 04:53:30.793743', '2024-09-01 04:53:30.793743', NULL, NULL, 1, 39, '_sub_plan_metric_active', 'save__sub_plan_metric_form__sub_plan_metric_active', 'number', 0, NULL, NULL, NULL, NULL, '1', NULL, NULL, NULL),
(252, '2024-09-01 04:53:30.795329', '2024-09-01 04:53:30.795329', NULL, NULL, 1, 39, 'fk__sub_plan_id', 'save__sub_plan_metric_form_fk__sub_plan_id', 'select', 0, '/_sub_plan/list', NULL, NULL, NULL, '11', NULL, NULL, NULL),
(253, '2024-09-01 04:53:30.796642', '2024-09-01 04:53:30.796642', NULL, NULL, 1, 39, '_sub_plan_metric_is_one_time', 'save__sub_plan_metric_form__sub_plan_metric_is_one_time', 'number', 0, NULL, NULL, NULL, NULL, '1', NULL, NULL, NULL),
(254, '2024-09-01 04:53:30.797905', '2024-09-01 04:53:30.797905', NULL, NULL, 1, 39, '_sub_plan_metric_extra_price', 'save__sub_plan_metric_form__sub_plan_metric_extra_price', 'text', 0, NULL, NULL, NULL, NULL, '72', NULL, NULL, NULL),
(255, '2024-09-01 04:53:30.799106', '2024-09-01 04:53:30.799106', NULL, NULL, 1, 39, '_sub_plan_metric_extra_qty', 'save__sub_plan_metric_form__sub_plan_metric_extra_qty', 'number', 0, NULL, NULL, NULL, NULL, '6', NULL, NULL, NULL),
(256, '2024-09-01 04:53:30.800447', '2024-09-01 04:53:30.800447', NULL, NULL, 1, 39, '_sub_plan_metric_units_incl', 'save__sub_plan_metric_form__sub_plan_metric_units_incl', 'number', 0, NULL, NULL, NULL, NULL, '6', NULL, NULL, NULL),
(257, '2024-09-01 04:53:30.802043', '2024-09-01 04:53:30.802043', NULL, NULL, 1, 39, '_sub_plan_metric_unit', 'save__sub_plan_metric_form__sub_plan_metric_unit', 'text', 0, NULL, NULL, NULL, NULL, '20', NULL, NULL, NULL),
(258, '2024-09-01 04:53:30.803981', '2024-09-01 04:53:30.803981', NULL, NULL, 1, 39, '_sub_plan_metric_ulid', 'save__sub_plan_metric_form__sub_plan_metric_ulid', 'text', 0, NULL, NULL, NULL, NULL, '32', NULL, NULL, NULL),
(259, '2024-09-01 04:53:30.839085', '2024-09-01 04:53:30.839085', NULL, NULL, 1, 40, '_tag_id', 'save__tag_form__tag_id', 'hidden', 0, NULL, NULL, NULL, NULL, '11', NULL, NULL, NULL),
(260, '2024-09-01 04:53:30.841378', '2024-09-01 04:53:30.841378', NULL, NULL, 1, 40, '_tag_active', 'save__tag_form__tag_active', 'number', 0, NULL, NULL, NULL, NULL, '1', NULL, NULL, NULL),
(261, '2024-09-01 04:53:30.842966', '2024-09-01 04:53:30.842966', NULL, NULL, 1, 40, 'fk__mem_id', 'save__tag_form_fk__mem_id', 'select', 0, '/_mem/list', NULL, NULL, NULL, '11', NULL, NULL, NULL),
(262, '2024-09-01 04:53:30.844483', '2024-09-01 04:53:30.844483', NULL, NULL, 1, 40, '_tag', 'save__tag_form__tag', 'text', 0, NULL, NULL, NULL, NULL, '255', NULL, NULL, NULL),
(263, '2024-09-01 04:53:30.845916', '2024-09-01 04:53:30.845916', NULL, NULL, 1, 40, '_tag_obj', 'save__tag_form__tag_obj', 'text', 0, NULL, NULL, NULL, NULL, '255', NULL, NULL, NULL),
(264, '2024-09-01 04:53:30.847584', '2024-09-01 04:53:30.847584', NULL, NULL, 1, 40, '_tag_obj_id', 'save__tag_form__tag_obj_id', 'number', 0, NULL, NULL, NULL, NULL, '11', NULL, NULL, NULL),
(265, '2024-09-01 04:53:30.931585', '2024-09-01 04:53:30.931585', NULL, NULL, 1, 41, '_task_id', 'save__task_form__task_id', 'hidden', 0, NULL, NULL, NULL, NULL, '11', NULL, NULL, NULL),
(266, '2024-09-01 04:53:30.933499', '2024-09-01 04:53:30.933499', NULL, NULL, 1, 41, '_task_active', 'save__task_form__task_active', 'number', 0, NULL, NULL, NULL, NULL, '1', NULL, NULL, NULL),
(267, '2024-09-01 04:53:30.935326', '2024-09-01 04:53:30.935326', NULL, NULL, 1, 41, 'fk__mem_id', 'save__task_form_fk__mem_id', 'select', 0, '/_mem/list', NULL, NULL, NULL, '11', NULL, NULL, NULL),
(268, '2024-09-01 04:53:30.937307', '2024-09-01 04:53:30.937307', NULL, NULL, 1, 41, 'fk_task_completer_id', 'save__task_form_fk_task_completer_id', 'select', 0, '/task_completer/list', NULL, NULL, NULL, '11', NULL, NULL, NULL),
(269, '2024-09-01 04:53:30.939095', '2024-09-01 04:53:30.939095', NULL, NULL, 1, 41, 'fk_cat_task_id', 'save__task_form_fk_cat_task_id', 'select', 0, '/cat_task/list', NULL, NULL, NULL, '11', NULL, NULL, NULL),
(270, '2024-09-01 04:53:30.940603', '2024-09-01 04:53:30.940603', NULL, NULL, 1, 41, 'fk_program_id', 'save__task_form_fk_program_id', 'select', 0, '/program/list', NULL, NULL, NULL, '11', NULL, NULL, NULL),
(271, '2024-09-01 04:53:30.942030', '2024-09-01 04:53:30.942030', NULL, NULL, 1, 41, '_task_due_date', 'save__task_form__task_due_date', 'datetime-local', 0, NULL, NULL, NULL, NULL, NULL, NULL, NULL, NULL),
(272, '2024-09-01 04:53:30.943302', '2024-09-01 04:53:30.943302', NULL, NULL, 1, 41, '_task_name', 'save__task_form__task_name', 'text', 0, NULL, NULL, NULL, NULL, '255', NULL, NULL, NULL),
(273, '2024-09-01 04:53:30.944830', '2024-09-01 04:53:30.944830', NULL, NULL, 1, 41, '_task_desc', 'save__task_form__task_desc', 'text', 0, NULL, NULL, NULL, NULL, NULL, NULL, NULL, NULL),
(274, '2024-09-01 04:53:30.946198', '2024-09-01 04:53:30.946198', NULL, NULL, 1, 41, '_task_obj', 'save__task_form__task_obj', 'text', 0, NULL, NULL, NULL, NULL, '255', NULL, NULL, NULL),
(275, '2024-09-01 04:53:30.947637', '2024-09-01 04:53:30.947637', NULL, NULL, 1, 41, '_task_obj_id', 'save__task_form__task_obj_id', 'number', 0, NULL, NULL, NULL, NULL, '11', NULL, NULL, NULL),
(276, '2024-09-01 04:53:30.949045', '2024-09-01 04:53:30.949045', NULL, NULL, 1, 41, '_task_required', 'save__task_form__task_required', 'number', 0, NULL, NULL, NULL, NULL, '1', NULL, NULL, NULL),
(277, '2024-09-01 04:53:30.951296', '2024-09-01 04:53:30.951296', NULL, NULL, 1, 41, '_task_completion_date', 'save__task_form__task_completion_date', 'datetime-local', 0, NULL, NULL, NULL, NULL, NULL, NULL, NULL, NULL),
(278, '2024-09-01 04:53:30.953816', '2024-09-01 04:53:30.953816', NULL, NULL, 1, 41, '_task_status', 'save__task_form__task_status', 'text', 0, NULL, NULL, NULL, NULL, NULL, NULL, NULL, NULL),
(279, '2024-09-01 04:53:30.957644', '2024-09-01 04:53:30.957644', NULL, NULL, 1, 41, '_task_private', 'save__task_form__task_private', 'number', 0, NULL, NULL, NULL, NULL, '1', NULL, NULL, NULL),
(280, '2024-09-01 04:53:31.061447', '2024-09-01 04:53:31.061447', NULL, NULL, 1, 42, '_token_id', 'save__token_form__token_id', 'hidden', 0, NULL, NULL, NULL, NULL, '11', NULL, NULL, NULL),
(281, '2024-09-01 04:53:31.063968', '2024-09-01 04:53:31.063968', NULL, NULL, 1, 42, '_token_active', 'save__token_form__token_active', 'number', 0, NULL, NULL, NULL, NULL, '1', NULL, NULL, NULL),
(282, '2024-09-01 04:53:31.065765', '2024-09-01 04:53:31.065765', NULL, NULL, 1, 42, '_token', 'save__token_form__token', 'text', 0, NULL, NULL, NULL, NULL, '255', NULL, NULL, NULL),
(283, '2024-09-01 04:53:31.177131', '2024-09-01 04:53:31.177131', NULL, NULL, 1, 43, '_token_xl8_id', 'save__token_xl8_form__token_xl8_id', 'hidden', 0, NULL, NULL, NULL, NULL, '11', NULL, NULL, NULL),
(284, '2024-09-01 04:53:31.178822', '2024-09-01 04:53:31.178822', NULL, NULL, 1, 43, '_token_xl8_active', 'save__token_xl8_form__token_xl8_active', 'number', 0, NULL, NULL, NULL, NULL, '1', NULL, NULL, NULL),
(285, '2024-09-01 04:53:31.180493', '2024-09-01 04:53:31.180493', NULL, NULL, 1, 43, 'fk__token_id', 'save__token_xl8_form_fk__token_id', 'select', 0, NULL, NULL, NULL, NULL, '11', NULL, NULL, NULL),
(286, '2024-09-01 04:53:31.182343', '2024-09-01 04:53:31.182343', NULL, NULL, 1, 43, 'fk__lang_id', 'save__token_xl8_form_fk__lang_id', 'select', 0, '/_lang/list', NULL, NULL, NULL, '11', NULL, NULL, NULL),
(287, '2024-09-01 04:53:31.184262', '2024-09-01 04:53:31.184262', NULL, NULL, 1, 43, '_token_xl8', 'save__token_xl8_form__token_xl8', 'text', 0, NULL, NULL, NULL, NULL, NULL, NULL, NULL, NULL),
(288, '2024-09-01 04:53:31.259210', '2024-09-01 04:53:31.259210', NULL, NULL, 1, 44, '_tz_id', 'save__tz_form__tz_id', 'hidden', 0, NULL, NULL, NULL, NULL, '11', NULL, NULL, NULL),
(289, '2024-09-01 04:53:31.261219', '2024-09-01 04:53:31.261219', NULL, NULL, 1, 44, '_tz_active', 'save__tz_form__tz_active', 'number', 0, NULL, NULL, NULL, NULL, '1', NULL, NULL, NULL),
(290, '2024-09-01 04:53:31.262791', '2024-09-01 04:53:31.262791', NULL, NULL, 1, 44, '_tz_region', 'save__tz_form__tz_region', 'text', 0, NULL, NULL, NULL, NULL, '255', NULL, NULL, NULL),
(291, '2024-09-01 04:53:31.264411', '2024-09-01 04:53:31.264411', NULL, NULL, 1, 44, '_tz_city', 'save__tz_form__tz_city', 'text', 0, NULL, NULL, NULL, NULL, '255', NULL, NULL, NULL),
(292, '2024-09-01 04:53:31.265786', '2024-09-01 04:53:31.265786', NULL, NULL, 1, 44, '_tz_value', 'save__tz_form__tz_value', 'text', 0, NULL, NULL, NULL, NULL, '255', NULL, NULL, NULL),
(293, '2024-09-01 04:53:31.391632', '2024-09-01 04:53:31.391632', NULL, NULL, 1, 45, '_valid_field_id', 'save__valid_field_form__valid_field_id', 'hidden', 0, NULL, NULL, NULL, NULL, '11', NULL, NULL, NULL),
(294, '2024-09-01 04:53:31.395631', '2024-09-01 04:53:31.395631', NULL, NULL, 1, 45, '_valid_field_active', 'save__valid_field_form__valid_field_active', 'number', 0, NULL, NULL, NULL, NULL, '1', NULL, NULL, NULL),
(295, '2024-09-01 04:53:31.399311', '2024-09-01 04:53:31.399311', NULL, NULL, 1, 45, 'fk__valid_form_id', 'save__valid_field_form_fk__valid_form_id', 'select', 0, '/_valid_form/list', NULL, NULL, NULL, '11', NULL, NULL, NULL),
(296, '2024-09-01 04:53:31.403448', '2024-09-01 04:53:31.403448', NULL, NULL, 1, 45, '_valid_field_name', 'save__valid_field_form__valid_field_name', 'text', 0, NULL, NULL, NULL, NULL, '255', NULL, NULL, NULL),
(297, '2024-09-01 04:53:31.409053', '2024-09-01 04:53:31.409053', NULL, NULL, 1, 45, '_valid_field_input_id', 'save__valid_field_form__valid_field_input_id', 'text', 0, NULL, NULL, NULL, NULL, '255', NULL, NULL, NULL),
(298, '2024-09-01 04:53:31.413580', '2024-09-01 04:53:31.413580', NULL, NULL, 1, 45, '_valid_field_type', 'save__valid_field_form__valid_field_type', 'text', 0, NULL, NULL, NULL, NULL, '255', NULL, NULL, NULL),
(299, '2024-09-01 04:53:31.417295', '2024-09-01 04:53:31.417295', NULL, NULL, 1, 45, '_valid_field_required', 'save__valid_field_form__valid_field_required', 'number', 0, NULL, NULL, NULL, NULL, '1', NULL, NULL, NULL),
(300, '2024-09-01 04:53:31.421719', '2024-09-01 04:53:31.421719', NULL, NULL, 1, 45, '_valid_field_src', 'save__valid_field_form__valid_field_src', 'text', 0, NULL, NULL, NULL, NULL, '255', NULL, NULL, NULL),
(301, '2024-09-01 04:53:31.425926', '2024-09-01 04:53:31.425926', NULL, NULL, 1, 45, '_valid_field_mask', 'save__valid_field_form__valid_field_mask', 'text', 0, NULL, NULL, NULL, NULL, '255', NULL, NULL, NULL),
(302, '2024-09-01 04:53:31.429144', '2024-09-01 04:53:31.429144', NULL, NULL, 1, 45, '_valid_field_default_value', 'save__valid_field_form__valid_field_default_value', 'text', 0, NULL, NULL, NULL, NULL, '255', NULL, NULL, NULL),
(303, '2024-09-01 04:53:31.432216', '2024-09-01 04:53:31.432216', NULL, NULL, 1, 45, '_valid_field_min', 'save__valid_field_form__valid_field_min', 'text', 0, NULL, NULL, NULL, NULL, '255', NULL, NULL, NULL),
(304, '2024-09-01 04:53:31.435080', '2024-09-01 04:53:31.435080', NULL, NULL, 1, 45, '_valid_field_max', 'save__valid_field_form__valid_field_max', 'text', 0, NULL, NULL, NULL, NULL, '255', NULL, NULL, NULL),
(305, '2024-09-01 04:53:31.438292', '2024-09-01 04:53:31.438292', NULL, NULL, 1, 45, '_valid_field_format', 'save__valid_field_form__valid_field_format', 'text', 0, NULL, NULL, NULL, NULL, '255', NULL, NULL, NULL),
(306, '2024-09-01 04:53:31.441443', '2024-09-01 04:53:31.441443', NULL, NULL, 1, 45, 'fk__valid_field_id', 'save__valid_field_form_fk__valid_field_id', 'select', 0, '/_valid_field/list', NULL, NULL, NULL, '11', NULL, NULL, NULL),
(307, '2024-09-01 04:53:31.444216', '2024-09-01 04:53:31.444216', NULL, NULL, 1, 45, '_valid_field_if_value', 'save__valid_field_form__valid_field_if_value', 'text', 0, NULL, NULL, NULL, NULL, '255', NULL, NULL, NULL),
(308, '2024-09-01 04:53:31.532969', '2024-09-01 04:53:31.532969', NULL, NULL, 1, 46, '_valid_form_id', 'save__valid_form_form__valid_form_id', 'hidden', 0, NULL, NULL, NULL, NULL, '11', NULL, NULL, NULL),
(309, '2024-09-01 04:53:31.534513', '2024-09-01 04:53:31.534513', NULL, NULL, 1, 46, '_valid_form_active', 'save__valid_form_form__valid_form_active', 'number', 0, NULL, NULL, NULL, NULL, '1', NULL, NULL, NULL),
(310, '2024-09-01 04:53:31.536168', '2024-09-01 04:53:31.536168', NULL, NULL, 1, 46, '_valid_form_name', 'save__valid_form_form__valid_form_name', 'text', 0, NULL, NULL, NULL, NULL, '255', NULL, NULL, NULL),
(311, '2024-09-01 04:53:31.538404', '2024-09-01 04:53:31.538404', NULL, NULL, 1, 46, '_valid_form_input_id', 'save__valid_form_form__valid_form_input_id', 'text', 0, NULL, NULL, NULL, NULL, '255', NULL, NULL, NULL),
(312, '2024-09-01 04:53:31.540309', '2024-09-01 04:53:31.540309', NULL, NULL, 1, 46, '_valid_form_table', 'save__valid_form_form__valid_form_table', 'text', 0, NULL, NULL, NULL, NULL, '255', NULL, NULL, NULL),
(313, '2024-09-01 04:53:31.541810', '2024-09-01 04:53:31.541810', NULL, NULL, 1, 46, '_valid_form_action', 'save__valid_form_form__valid_form_action', 'text', 0, NULL, NULL, NULL, NULL, '255', NULL, NULL, NULL);

CREATE TABLE IF NOT EXISTS `_valid_form` (
  `_valid_form_id` int(11) NOT NULL AUTO_INCREMENT,
  `_valid_form_new` timestamp(6) NULL DEFAULT NULL,
  `_valid_form_edit` timestamp(6) NOT NULL DEFAULT current_timestamp(6) ON UPDATE current_timestamp(6),
  `_valid_form_del` timestamp(6) NULL DEFAULT NULL,
  `_valid_form_arch` timestamp(6) NULL DEFAULT NULL,
  `_valid_form_active` tinyint(1) DEFAULT 1,
  `_valid_form_name` varchar(255) DEFAULT NULL,
  `_valid_form_input_id` varchar(255) DEFAULT NULL,
  `_valid_form_table` varchar(255) DEFAULT NULL,
  `_valid_form_action` varchar(255) DEFAULT NULL,
  PRIMARY KEY (`_valid_form_id`),
  KEY `_valid_form_input_id` (`_valid_form_input_id`)
) ENGINE=InnoDB AUTO_INCREMENT=47 DEFAULT CHARSET=utf8 COLLATE=utf8_unicode_520_nopad_ci;

INSERT INTO `_valid_form` (`_valid_form_id`, `_valid_form_new`, `_valid_form_edit`, `_valid_form_del`, `_valid_form_arch`, `_valid_form_active`, `_valid_form_name`, `_valid_form_input_id`, `_valid_form_table`, `_valid_form_action`) VALUES
(1, '2024-09-01 04:53:26.816825', '2024-09-01 04:53:26.816825', NULL, NULL, 1, 'Save _admin_exclude', 'save__admin_exclude_form', '_admin_exclude', '/_admin_exclude/save'),
(2, '2024-09-01 04:53:26.881260', '2024-09-01 04:53:26.881260', NULL, NULL, 1, 'Save _admin_obj', 'save__admin_obj_form', '_admin_obj', '/_admin_obj/save'),
(3, '2024-09-01 04:53:27.013370', '2024-09-01 04:53:27.013370', NULL, NULL, 1, 'Save _cal', 'save__cal_form', '_cal', '/_cal/save'),
(4, '2024-09-01 04:53:27.134605', '2024-09-01 04:53:27.134605', NULL, NULL, 1, 'Save _cal_ext', 'save__cal_ext_form', '_cal_ext', '/_cal_ext/save'),
(5, '2024-09-01 04:53:27.232882', '2024-09-01 04:53:27.232882', NULL, NULL, 1, 'Save _cal_follow', 'save__cal_follow_form', '_cal_follow', '/_cal_follow/save'),
(6, '2024-09-01 04:53:27.324570', '2024-09-01 04:53:27.324570', NULL, NULL, 1, 'Save _cal_item', 'save__cal_item_form', '_cal_item', '/_cal_item/save'),
(7, '2024-09-01 04:53:27.428739', '2024-09-01 04:53:27.428739', NULL, NULL, 1, 'Save _cat_addr', 'save__cat_addr_form', '_cat_addr', '/_cat_addr/save'),
(8, '2024-09-01 04:53:27.505277', '2024-09-01 04:53:27.505277', NULL, NULL, 1, 'Save _cat_note', 'save__cat_note_form', '_cat_note', '/_cat_note/save'),
(9, '2024-09-01 04:53:27.614559', '2024-09-01 04:53:27.614559', NULL, NULL, 1, 'Save _cat_phone', 'save__cat_phone_form', '_cat_phone', '/_cat_phone/save'),
(10, '2024-09-01 04:53:27.723580', '2024-09-01 04:53:27.723580', NULL, NULL, 1, 'Save _co', 'save__co_form', '_co', '/_co/save'),
(11, '2024-09-01 04:53:27.806537', '2024-09-01 04:53:27.806537', NULL, NULL, 1, 'Save _co_mem', 'save__co_mem_form', '_co_mem', '/_co_mem/save'),
(12, '2024-09-01 04:53:27.909999', '2024-09-01 04:53:27.909999', NULL, NULL, 1, 'Save _co_pref', 'save__co_pref_form', '_co_pref', '/_co_pref/save'),
(13, '2024-09-01 04:53:28.002614', '2024-09-01 04:53:28.002614', NULL, NULL, 1, 'Save _co_sub_metric', 'save__co_sub_metric_form', '_co_sub_metric', '/_co_sub_metric/save'),
(14, '2024-09-01 04:53:28.112365', '2024-09-01 04:53:28.112365', NULL, NULL, 1, 'Save _co_sub_plan', 'save__co_sub_plan_form', '_co_sub_plan', '/_co_sub_plan/save'),
(15, '2024-09-01 04:53:28.189889', '2024-09-01 04:53:28.189889', NULL, NULL, 1, 'Save _config', 'save__config_form', '_config', '/_config/save'),
(16, '2024-09-01 04:53:28.277423', '2024-09-01 04:53:28.277423', NULL, NULL, 1, 'Save _country', 'save__country_form', '_country', '/_country/save'),
(17, '2024-09-01 04:53:28.372522', '2024-09-01 04:53:28.372522', NULL, NULL, 1, 'Save _doc', 'save__doc_form', '_doc', '/_doc/save'),
(18, '2024-09-01 04:53:28.460288', '2024-09-01 04:53:28.460288', NULL, NULL, 1, 'Save _follow', 'save__follow_form', '_follow', '/_follow/save'),
(19, '2024-09-01 04:53:28.567209', '2024-09-01 04:53:28.567209', NULL, NULL, 1, 'Save _lang', 'save__lang_form', '_lang', '/_lang/save'),
(20, '2024-09-01 04:53:28.673017', '2024-09-01 04:53:28.673017', NULL, NULL, 1, 'Save _mem', 'save__mem_form', '_mem', '/_mem/save'),
(21, '2024-09-01 04:53:28.796809', '2024-09-01 04:53:28.796809', NULL, NULL, 1, 'Save _mem_addr', 'save__mem_addr_form', '_mem_addr', '/_mem_addr/save'),
(22, '2024-09-01 04:53:28.968904', '2024-09-01 04:53:28.968904', NULL, NULL, 1, 'Save _mem_phone', 'save__mem_phone_form', '_mem_phone', '/_mem_phone/save'),
(23, '2024-09-01 04:53:29.062512', '2024-09-01 04:53:29.062512', NULL, NULL, 1, 'Save _mem_pref', 'save__mem_pref_form', '_mem_pref', '/_mem_pref/save'),
(24, '2024-09-01 04:53:29.204650', '2024-09-01 04:53:29.204650', NULL, NULL, 1, 'Save _menu_item', 'save__menu_item_form', '_menu_item', '/_menu_item/save'),
(25, '2024-09-01 04:53:29.320115', '2024-09-01 04:53:29.320115', NULL, NULL, 1, 'Save _module', 'save__module_form', '_module', '/_module/save'),
(26, '2024-09-01 04:53:29.451032', '2024-09-01 04:53:29.451032', NULL, NULL, 1, 'Save _module__mem', 'save__module__mem_form', '_module__mem', '/_module__mem/save'),
(27, '2024-09-01 04:53:29.513257', '2024-09-01 04:53:29.513257', NULL, NULL, 1, 'Save _module_perm', 'save__module_perm_form', '_module_perm', '/_module_perm/save'),
(28, '2024-09-01 04:53:29.619536', '2024-09-01 04:53:29.619536', NULL, NULL, 1, 'Save _note', 'save__note_form', '_note', '/_note/save'),
(29, '2024-09-01 04:53:29.714503', '2024-09-01 04:53:29.714503', NULL, NULL, 1, 'Save _notif', 'save__notif_form', '_notif', '/_notif/save'),
(30, '2024-09-01 04:53:29.837726', '2024-09-01 04:53:29.837726', NULL, NULL, 1, 'Save _notif_signal', 'save__notif_signal_form', '_notif_signal', '/_notif_signal/save'),
(31, '2024-09-01 04:53:29.932733', '2024-09-01 04:53:29.932733', NULL, NULL, 1, 'Save _perm', 'save__perm_form', '_perm', '/_perm/save'),
(32, '2024-09-01 04:53:30.054712', '2024-09-01 04:53:30.054712', NULL, NULL, 1, 'Save _perm_menu_item', 'save__perm_menu_item_form', '_perm_menu_item', '/_perm_menu_item/save'),
(33, '2024-09-01 04:53:30.164414', '2024-09-01 04:53:30.164414', NULL, NULL, 1, 'Save _public_path', 'save__public_path_form', '_public_path', '/_public_path/save'),
(34, '2024-09-01 04:53:30.290076', '2024-09-01 04:53:30.290076', NULL, NULL, 1, 'Save _role', 'save__role_form', '_role', '/_role/save'),
(35, '2024-09-01 04:53:30.413256', '2024-09-01 04:53:30.413256', NULL, NULL, 1, 'Save _role_perm', 'save__role_perm_form', '_role_perm', '/_role_perm/save'),
(36, '2024-09-01 04:53:30.524054', '2024-09-01 04:53:30.524054', NULL, NULL, 1, 'Save _setting', 'save__setting_form', '_setting', '/_setting/save'),
(37, '2024-09-01 04:53:30.646470', '2024-09-01 04:53:30.646470', NULL, NULL, 1, 'Save _state', 'save__state_form', '_state', '/_state/save'),
(38, '2024-09-01 04:53:30.739453', '2024-09-01 04:53:30.739453', NULL, NULL, 1, 'Save _sub_plan', 'save__sub_plan_form', '_sub_plan', '/_sub_plan/save'),
(39, '2024-09-01 04:53:30.786242', '2024-09-01 04:53:30.786242', NULL, NULL, 1, 'Save _sub_plan_metric', 'save__sub_plan_metric_form', '_sub_plan_metric', '/_sub_plan_metric/save'),
(40, '2024-09-01 04:53:30.831643', '2024-09-01 04:53:30.831643', NULL, NULL, 1, 'Save _tag', 'save__tag_form', '_tag', '/_tag/save'),
(41, '2024-09-01 04:53:30.924552', '2024-09-01 04:53:30.924552', NULL, NULL, 1, 'Save _task', 'save__task_form', '_task', '/_task/save'),
(42, '2024-09-01 04:53:31.045477', '2024-09-01 04:53:31.045477', NULL, NULL, 1, 'Save _token', 'save__token_form', '_token', '/_token/save'),
(43, '2024-09-01 04:53:31.171401', '2024-09-01 04:53:31.171401', NULL, NULL, 1, 'Save _token_xl8', 'save__token_xl8_form', '_token_xl8', '/_token_xl8/save'),
(44, '2024-09-01 04:53:31.249472', '2024-09-01 04:53:31.249472', NULL, NULL, 1, 'Save _tz', 'save__tz_form', '_tz', '/_tz/save'),
(45, '2024-09-01 04:53:31.373018', '2024-09-01 04:53:31.373018', NULL, NULL, 1, 'Save _valid_field', 'save__valid_field_form', '_valid_field', '/_valid_field/save'),
(46, '2024-09-01 04:53:31.526639', '2024-09-01 04:53:31.526639', NULL, NULL, 1, 'Save _valid_form', 'save__valid_form_form', '_valid_form', '/_valid_form/save');
SET FOREIGN_KEY_CHECKS=1;

/*!40101 SET CHARACTER_SET_CLIENT=@OLD_CHARACTER_SET_CLIENT */;
/*!40101 SET CHARACTER_SET_RESULTS=@OLD_CHARACTER_SET_RESULTS */;
/*!40101 SET COLLATION_CONNECTION=@OLD_COLLATION_CONNECTION */;
